customer_id,age,tenure_months,monthly_charges,total_charges,usage_hours,login_count,support_tickets,payment_delay_days,contract_type,internet_service,is_autopay,region,churn
CUST_1,56,42,2695,114503,6,97,1,1,Yearly,DSL,No,East,1
CUST_2,69,41,1071,44463,12,92,2,10,Yearly,Fiber,Yes,East,1
CUST_3,46,38,878,33655,111,9,2,28,Monthly,DSL,No,North,1
CUST_4,32,34,3201,109419,38,12,3,8,Monthly,Fiber,No,East,0
CUST_5,60,17,493,9770,77,69,7,2,Yearly,DSL,No,East,0
CUST_6,25,37,2307,86906,93,54,1,28,Yearly,No,Yes,West,1
CUST_7,38,25,1485,38376,19,54,2,17,Monthly,DSL,Yes,East,0
CUST_8,56,27,2694,73075,67,28,7,19,Quarterly,DSL,No,East,1
CUST_9,36,57,3298,189464,8,56,4,14,Monthly,Fiber,No,South,1
CUST_10,40,31,2092,66087,8,99,2,13,Monthly,DSL,No,North,1
CUST_11,28,6,1410,10411,119,69,4,1,Monthly,No,No,South,0
CUST_12,28,40,4305,173769,84,98,1,16,Monthly,No,Yes,West,0
CUST_13,41,12,2561,32198,47,98,6,21,Monthly,No,No,North,1
CUST_14,53,53,4036,215176,4,77,5,25,Quarterly,Fiber,Yes,North,1
CUST_15,57,71,4093,291791,51,58,1,7,Yearly,Fiber,No,South,0
CUST_16,41,10,2236,23730,85,78,5,9,Yearly,DSL,Yes,North,0
CUST_17,20,45,4657,210399,67,75,5,25,Quarterly,DSL,Yes,South,1
CUST_18,39,17,1029,18583,45,42,1,17,Yearly,DSL,No,East,0
CUST_19,19,26,4678,123241,8,38,2,29,Yearly,Fiber,Yes,South,0
CUST_20,41,62,3751,233486,87,68,0,24,Yearly,Fiber,No,North,1
CUST_21,61,46,4757,220384,16,53,2,28,Quarterly,DSL,Yes,North,1
CUST_22,47,64,4836,309709,77,33,2,18,Quarterly,Fiber,Yes,West,0
CUST_23,55,2,2440,5160,67,71,6,7,Yearly,Fiber,No,West,1
CUST_24,19,54,1944,105259,112,56,3,27,Yearly,No,No,West,1
CUST_25,38,65,3100,201825,9,72,3,7,Yearly,No,Yes,West,1
CUST_26,50,51,441,23367,60,51,2,2,Monthly,DSL,Yes,North,0
CUST_27,29,53,1755,93904,78,74,4,2,Monthly,DSL,No,West,0
CUST_28,39,36,2396,87468,77,43,6,11,Monthly,No,No,South,1
CUST_29,61,26,1625,43037,117,15,5,21,Quarterly,Fiber,No,East,1
CUST_30,42,29,1513,44506,71,38,7,16,Yearly,DSL,Yes,North,0
CUST_31,66,21,1459,32133,15,15,3,3,Quarterly,DSL,No,West,1
CUST_32,44,11,4950,55521,71,5,2,16,Quarterly,DSL,No,North,0
CUST_33,59,40,4799,192995,102,93,6,13,Quarterly,Fiber,Yes,West,0
CUST_34,45,11,4997,56489,98,83,0,18,Yearly,No,No,North,0
CUST_35,33,36,640,23245,41,54,4,8,Monthly,DSL,No,West,0
CUST_36,32,59,4128,244946,22,51,1,29,Yearly,No,No,East,1
CUST_37,64,39,2268,89382,24,10,2,29,Yearly,No,No,West,1
CUST_38,68,54,1003,55788,113,12,6,20,Quarterly,Fiber,Yes,South,1
CUST_39,61,55,4713,259993,101,4,2,11,Quarterly,Fiber,No,North,1
CUST_40,69,24,2729,67144,44,95,7,4,Quarterly,Fiber,No,North,0
CUST_41,20,22,2100,47148,1,18,5,10,Monthly,Fiber,No,South,1
CUST_42,54,69,4948,342567,10,80,4,19,Monthly,Fiber,No,South,1
CUST_43,68,56,1155,65172,107,36,3,2,Monthly,Fiber,No,East,1
CUST_44,24,33,2112,69835,80,25,3,20,Yearly,DSL,No,North,1
CUST_45,38,36,3166,114735,110,87,3,14,Quarterly,No,Yes,East,0
CUST_46,26,20,3942,80181,72,76,7,13,Yearly,Fiber,Yes,North,0
CUST_47,56,62,482,31738,56,98,1,10,Monthly,DSL,Yes,North,1
CUST_48,35,26,3412,89792,113,36,6,19,Quarterly,No,No,East,1
CUST_49,21,66,4792,317477,89,67,4,7,Monthly,Fiber,No,North,0
CUST_50,42,40,1817,73624,50,9,4,3,Quarterly,Fiber,No,North,0
CUST_51,31,17,1656,29995,12,61,3,26,Quarterly,DSL,Yes,East,0
CUST_52,67,1,2474,2774,89,53,3,11,Yearly,No,No,West,0
CUST_53,26,61,3929,240215,81,18,5,7,Yearly,Fiber,Yes,East,1
CUST_54,43,43,3928,170871,60,43,7,5,Monthly,No,No,North,1
CUST_55,19,42,4396,186183,26,35,0,14,Yearly,DSL,No,South,0
CUST_56,37,25,3539,89636,110,63,0,29,Yearly,Fiber,Yes,West,0
CUST_57,45,39,3991,156983,112,98,2,11,Yearly,No,Yes,South,0
CUST_58,64,35,318,11673,78,78,2,15,Quarterly,DSL,Yes,West,0
CUST_59,24,3,3703,12559,41,4,4,15,Yearly,DSL,Yes,South,0
CUST_60,61,44,4979,219936,36,93,4,26,Monthly,Fiber,Yes,West,1
CUST_61,25,51,4851,247727,23,41,1,20,Quarterly,No,Yes,East,0
CUST_62,64,12,3304,39795,43,45,1,19,Quarterly,Fiber,No,West,0
CUST_63,52,19,1432,28349,6,50,0,19,Yearly,Fiber,Yes,West,1
CUST_64,31,44,3639,161127,111,79,7,27,Quarterly,No,No,West,1
CUST_65,34,59,3611,214611,69,28,2,3,Monthly,No,No,North,1
CUST_66,53,49,3672,181858,43,42,0,10,Monthly,No,No,South,0
CUST_67,67,61,1287,80338,25,80,7,12,Quarterly,DSL,No,East,1
CUST_68,57,17,3621,61843,18,76,0,28,Yearly,DSL,No,South,1
CUST_69,21,57,4915,280599,62,69,2,8,Yearly,No,Yes,South,0
CUST_70,19,55,473,26338,13,98,6,3,Quarterly,DSL,Yes,East,0
CUST_71,23,47,4041,190856,43,1,1,11,Monthly,Fiber,Yes,North,1
CUST_72,59,12,3352,40811,78,39,5,8,Quarterly,No,No,West,0
CUST_73,21,62,1026,64588,28,96,5,12,Yearly,Fiber,Yes,North,0
CUST_74,46,8,4060,33428,18,90,5,15,Yearly,No,No,North,1
CUST_75,35,21,2175,47027,59,17,2,25,Quarterly,Fiber,No,West,1
CUST_76,43,70,4333,304823,60,91,3,5,Monthly,No,No,South,1
CUST_77,61,25,1289,33303,63,88,3,9,Quarterly,Fiber,No,West,0
CUST_78,51,12,4044,50240,57,35,3,12,Monthly,No,Yes,East,0
CUST_79,27,15,2986,45906,92,46,4,6,Monthly,No,Yes,West,0
CUST_80,53,59,719,42708,51,42,1,27,Quarterly,DSL,Yes,South,0
CUST_81,31,26,893,25199,56,39,1,25,Quarterly,Fiber,Yes,North,0
CUST_82,48,26,2074,54293,27,90,6,18,Monthly,DSL,Yes,North,0
CUST_83,65,47,2759,131403,32,49,6,23,Monthly,Fiber,No,West,0
CUST_84,32,32,1235,39929,111,62,4,18,Monthly,DSL,Yes,East,0
CUST_85,25,10,4108,42335,9,38,0,16,Monthly,No,No,South,1
CUST_86,31,16,631,11770,104,23,7,12,Yearly,DSL,No,North,1
CUST_87,40,71,3749,267374,96,22,6,12,Quarterly,DSL,No,West,1
CUST_88,57,17,3002,52950,84,4,5,25,Monthly,No,Yes,East,1
CUST_89,38,23,4306,99982,92,49,3,27,Quarterly,DSL,No,East,0
CUST_90,33,26,4168,110163,97,59,5,20,Monthly,No,No,North,1
CUST_91,62,7,4500,32810,68,73,3,1,Quarterly,Fiber,Yes,North,0
CUST_92,35,14,501,7599,46,68,5,9,Quarterly,DSL,No,South,0
CUST_93,64,7,2797,20893,98,71,0,29,Monthly,No,No,East,1
CUST_94,41,9,2142,20823,112,87,7,21,Monthly,No,No,South,1
CUST_95,43,48,2166,104187,67,2,5,12,Quarterly,DSL,Yes,East,0
CUST_96,42,59,2296,135783,26,49,5,25,Quarterly,Fiber,No,East,1
CUST_97,62,39,1209,47303,8,88,2,8,Quarterly,DSL,No,West,0
CUST_98,58,18,4605,84747,6,95,7,0,Yearly,No,Yes,North,1
CUST_99,46,59,4958,294096,80,31,5,13,Monthly,Fiber,Yes,East,0
CUST_100,32,17,3489,60848,24,40,2,28,Yearly,DSL,No,South,0
CUST_101,62,14,1070,16746,48,48,1,15,Yearly,No,Yes,North,0
CUST_102,18,31,3455,108465,103,51,7,19,Monthly,DSL,Yes,South,0
CUST_103,42,24,2801,68081,94,43,4,14,Monthly,Fiber,Yes,North,0
CUST_104,24,60,3014,181677,45,98,7,0,Yearly,Fiber,Yes,North,0
CUST_105,26,45,3885,175644,13,55,7,16,Monthly,Fiber,Yes,East,1
CUST_106,41,3,1928,6289,69,88,5,23,Quarterly,Fiber,Yes,West,1
CUST_107,18,37,686,26089,25,49,1,29,Quarterly,Fiber,Yes,East,1
CUST_108,61,43,3721,161123,20,90,7,29,Yearly,DSL,No,North,1
CUST_109,25,40,4308,172841,118,80,6,12,Yearly,Fiber,Yes,East,1
CUST_110,41,55,4393,242426,82,57,6,29,Monthly,Fiber,Yes,East,1
CUST_111,28,39,4663,182203,111,77,2,26,Monthly,No,Yes,North,1
CUST_112,68,15,2766,41661,82,15,5,14,Yearly,Fiber,No,North,1
CUST_113,34,4,2582,12281,66,27,5,15,Yearly,No,Yes,East,1
CUST_114,25,25,2156,54184,74,68,7,15,Quarterly,No,Yes,East,0
CUST_115,52,13,2298,29979,119,80,0,1,Quarterly,No,No,East,0
CUST_116,52,33,1536,52017,45,64,1,16,Monthly,DSL,Yes,South,0
CUST_117,50,16,4969,81171,114,94,3,10,Quarterly,DSL,No,East,1
CUST_118,22,42,4444,188382,47,30,3,7,Monthly,No,No,South,1
CUST_119,59,66,1450,96705,63,36,0,19,Monthly,DSL,Yes,West,0
CUST_120,56,55,4618,254476,76,67,2,2,Monthly,Fiber,No,South,1
CUST_121,58,42,1731,74593,111,86,3,28,Quarterly,DSL,Yes,East,0
CUST_122,45,34,2119,72844,77,86,7,11,Yearly,Fiber,Yes,West,1
CUST_123,24,30,2624,79919,114,49,3,19,Yearly,Fiber,No,South,0
CUST_124,26,13,1430,19890,111,76,6,15,Quarterly,DSL,No,South,1
CUST_125,25,13,2958,39380,55,55,6,13,Yearly,DSL,Yes,North,1
CUST_126,29,18,3800,70322,75,85,4,15,Monthly,No,Yes,West,0
CUST_127,51,32,674,22016,19,56,1,26,Yearly,DSL,No,North,1
CUST_128,50,39,2420,95758,35,68,2,20,Quarterly,DSL,Yes,West,0
CUST_129,65,46,4320,200680,103,95,5,16,Yearly,DSL,Yes,South,0
CUST_130,40,29,2321,69134,53,44,1,29,Monthly,Fiber,Yes,North,1
CUST_131,41,62,4005,248717,26,31,2,10,Monthly,Fiber,No,East,1
CUST_132,54,62,3559,222126,110,58,3,16,Quarterly,Fiber,Yes,South,1
CUST_133,52,57,3735,214145,14,87,4,18,Quarterly,No,Yes,West,1
CUST_134,61,16,2189,35410,118,53,1,21,Quarterly,No,Yes,West,0
CUST_135,57,56,2123,119753,45,84,3,0,Monthly,No,No,North,1
CUST_136,39,10,1774,18564,44,79,2,29,Yearly,Fiber,No,North,1
CUST_137,44,30,2542,77121,88,23,1,26,Yearly,DSL,No,West,0
CUST_138,52,25,3543,90294,105,28,5,11,Quarterly,No,Yes,South,0
CUST_139,18,5,3434,18780,65,16,1,14,Yearly,No,No,North,0
CUST_140,52,65,2370,154532,51,37,3,17,Yearly,Fiber,Yes,East,0
CUST_141,54,49,659,33820,43,21,7,27,Quarterly,No,No,West,1
CUST_142,64,3,2341,7510,119,79,7,29,Quarterly,DSL,Yes,East,1
CUST_143,31,45,1441,65469,86,17,1,22,Monthly,Fiber,No,West,1
CUST_144,20,14,1935,28770,23,37,5,13,Monthly,Fiber,Yes,East,0
CUST_145,18,30,4300,129738,56,77,4,29,Monthly,DSL,Yes,South,1
CUST_146,22,68,2243,153561,118,19,4,0,Monthly,DSL,No,West,1
CUST_147,43,18,3661,67647,19,30,7,12,Yearly,DSL,Yes,South,1
CUST_148,31,62,3280,203735,82,45,3,29,Yearly,No,No,North,0
CUST_149,56,37,306,11921,76,18,2,14,Monthly,DSL,No,West,1
CUST_150,44,25,3567,89991,55,78,3,6,Monthly,Fiber,Yes,South,1
CUST_151,26,48,1891,91204,92,62,4,14,Quarterly,DSL,Yes,East,0
CUST_152,32,65,3564,232691,92,36,0,19,Yearly,Fiber,No,South,1
CUST_153,32,53,2906,154598,60,84,0,9,Yearly,Fiber,No,West,0
CUST_154,43,15,3519,53795,59,52,1,13,Monthly,No,No,South,0
CUST_155,59,49,3573,176473,33,19,5,5,Yearly,DSL,Yes,East,0
CUST_156,30,68,1213,83665,19,44,7,13,Quarterly,No,No,East,0
CUST_157,68,12,2311,29183,28,7,6,23,Quarterly,DSL,Yes,East,0
CUST_158,49,59,1742,104632,52,44,6,24,Yearly,DSL,Yes,North,1
CUST_159,56,37,3354,124306,49,68,6,21,Monthly,DSL,No,West,1
CUST_160,66,61,3846,236008,37,34,1,11,Yearly,DSL,No,East,0
CUST_161,69,43,4521,196212,26,66,0,10,Quarterly,DSL,Yes,North,0
CUST_162,49,70,3228,226387,99,69,4,28,Monthly,Fiber,Yes,East,0
CUST_163,21,39,2129,84930,98,55,1,29,Yearly,Fiber,Yes,South,0
CUST_164,47,56,875,49414,99,10,6,24,Monthly,DSL,Yes,West,1
CUST_165,54,63,1229,79024,40,96,6,19,Monthly,Fiber,No,South,1
CUST_166,40,46,4059,187948,80,42,7,21,Quarterly,No,Yes,North,1
CUST_167,56,11,3999,44787,38,41,3,23,Monthly,No,No,South,1
CUST_168,62,62,1763,110186,77,77,6,24,Yearly,No,No,South,1
CUST_169,32,25,3575,90727,87,69,5,18,Monthly,DSL,No,East,0
CUST_170,60,71,1354,97754,54,10,6,1,Monthly,DSL,Yes,South,1
CUST_171,46,52,2200,114655,22,10,3,21,Yearly,Fiber,Yes,East,1
CUST_172,53,4,1757,8624,16,91,6,19,Quarterly,Fiber,No,East,1
CUST_173,30,59,1699,102065,28,60,5,0,Quarterly,Fiber,No,West,0
CUST_174,49,20,3715,75695,112,51,4,7,Yearly,No,No,North,0
CUST_175,24,63,742,47732,35,21,1,24,Yearly,No,No,North,0
CUST_176,68,54,3950,214425,60,8,5,13,Quarterly,No,Yes,North,1
CUST_177,39,57,4952,283121,45,65,3,8,Monthly,No,No,East,0
CUST_178,45,41,1478,61419,46,92,1,1,Yearly,Fiber,Yes,North,0
CUST_179,19,3,4758,15908,72,78,1,24,Monthly,DSL,Yes,East,1
CUST_180,59,6,1557,10354,108,85,3,22,Yearly,DSL,Yes,West,0
CUST_181,62,5,3934,21079,55,30,7,4,Quarterly,No,Yes,North,0
CUST_182,23,5,2141,11675,119,85,0,22,Monthly,DSL,No,East,1
CUST_183,45,54,2609,140998,86,49,6,28,Monthly,DSL,Yes,North,1
CUST_184,45,47,1210,57577,85,9,5,24,Yearly,DSL,No,North,1
CUST_185,61,49,4640,227957,26,17,3,7,Monthly,No,Yes,West,1
CUST_186,61,9,4937,46289,104,69,4,15,Yearly,Fiber,No,South,0
CUST_187,37,20,4309,86517,85,58,2,21,Quarterly,Fiber,No,North,0
CUST_188,47,61,2469,151826,25,57,3,15,Monthly,DSL,No,West,0
CUST_189,28,35,2472,87981,105,62,6,12,Yearly,Fiber,No,North,1
CUST_190,45,50,423,22030,65,95,6,19,Monthly,Fiber,No,North,1
CUST_191,42,62,3458,215690,6,52,1,28,Yearly,No,Yes,North,0
CUST_192,56,17,1085,19150,23,61,1,14,Yearly,No,No,North,1
CUST_193,50,3,2716,8908,115,40,3,0,Yearly,DSL,Yes,South,1
CUST_194,18,32,1096,36819,64,38,2,21,Quarterly,DSL,No,South,0
CUST_195,44,13,4472,59826,87,43,7,2,Monthly,DSL,Yes,North,0
CUST_196,69,68,4454,303820,43,63,3,5,Quarterly,No,Yes,North,0
CUST_197,30,14,2236,32339,107,19,2,21,Yearly,Fiber,Yes,West,1
CUST_198,58,11,2456,28606,23,50,7,13,Yearly,No,No,West,0
CUST_199,20,56,4107,230719,96,33,2,3,Quarterly,No,Yes,East,0
CUST_200,56,67,1601,107509,30,13,6,17,Quarterly,Fiber,No,South,1
CUST_201,23,29,4463,130751,77,78,6,14,Monthly,Fiber,No,North,0
CUST_202,25,9,3440,32263,107,97,6,8,Yearly,DSL,Yes,South,0
CUST_203,44,67,3536,237725,18,62,4,17,Quarterly,Fiber,Yes,West,1
CUST_204,26,25,2652,67787,87,93,6,2,Yearly,Fiber,No,South,0
CUST_205,54,42,2232,94322,79,43,5,9,Yearly,Fiber,No,South,1
CUST_206,50,9,3021,27853,97,49,1,16,Monthly,Fiber,No,North,0
CUST_207,68,40,664,27130,21,36,1,6,Monthly,DSL,No,North,1
CUST_208,59,25,2690,67733,57,10,2,14,Monthly,DSL,No,West,1
CUST_209,61,5,1246,8045,103,95,1,0,Quarterly,Fiber,No,North,0
CUST_210,41,11,1677,19472,23,6,0,26,Yearly,Fiber,Yes,West,1
CUST_211,32,59,1739,103117,91,57,7,24,Quarterly,DSL,No,West,1
CUST_212,49,38,3480,134188,45,1,2,26,Quarterly,DSL,No,East,0
CUST_213,49,5,640,3607,44,71,1,10,Monthly,Fiber,Yes,East,1
CUST_214,41,48,3289,158620,82,58,0,16,Yearly,No,Yes,East,0
CUST_215,58,18,682,14093,88,91,7,4,Yearly,DSL,Yes,South,0
CUST_216,69,70,1856,131410,115,21,4,6,Monthly,DSL,No,East,1
CUST_217,66,37,599,23287,47,92,1,18,Yearly,DSL,Yes,North,0
CUST_218,66,60,438,27447,40,80,0,24,Monthly,Fiber,Yes,North,1
CUST_219,69,48,658,32422,51,56,3,23,Quarterly,Fiber,No,East,1
CUST_220,29,28,1822,52982,42,87,5,28,Quarterly,DSL,No,South,1
CUST_221,56,69,3756,260385,7,20,3,14,Monthly,Fiber,No,West,1
CUST_222,19,40,1927,78923,50,54,0,2,Quarterly,Fiber,No,South,0
CUST_223,20,45,1603,73523,48,25,2,14,Quarterly,DSL,Yes,South,0
CUST_224,66,62,1434,90831,84,28,6,4,Monthly,Fiber,No,West,0
CUST_225,54,58,2486,146094,91,5,6,22,Quarterly,No,Yes,West,1
CUST_226,66,67,3470,232729,6,21,6,11,Yearly,Fiber,No,West,0
CUST_227,34,56,4135,233164,91,18,7,29,Quarterly,Fiber,Yes,North,1
CUST_228,66,40,2451,99400,9,47,2,19,Monthly,DSL,No,West,0
CUST_229,19,40,1537,62553,117,70,7,4,Yearly,DSL,No,West,0
CUST_230,19,33,4035,134271,109,57,1,2,Yearly,No,No,South,0
CUST_231,45,6,3134,19856,57,93,6,8,Quarterly,Fiber,Yes,South,1
CUST_232,40,19,4560,87643,31,19,3,25,Yearly,No,Yes,East,0
CUST_233,54,40,1298,52091,21,97,2,8,Monthly,No,Yes,South,0
CUST_234,49,59,2867,170943,90,65,2,6,Yearly,DSL,No,West,0
CUST_235,50,59,1607,96126,40,3,6,25,Quarterly,Fiber,Yes,North,0
CUST_236,18,48,956,47279,112,42,3,1,Quarterly,DSL,No,South,0
CUST_237,36,41,2960,122804,45,21,4,22,Yearly,No,No,South,1
CUST_238,19,13,2511,32849,77,99,2,22,Monthly,No,No,West,0
CUST_239,61,45,2209,100760,49,40,6,26,Monthly,DSL,Yes,South,1
CUST_240,43,53,4030,214755,87,67,5,20,Quarterly,DSL,No,South,1
CUST_241,49,42,2346,100357,20,25,0,15,Quarterly,DSL,Yes,West,0
CUST_242,23,63,3462,219088,101,55,7,8,Monthly,DSL,No,South,0
CUST_243,49,27,1440,39118,118,84,1,12,Yearly,DSL,No,North,0
CUST_244,21,38,566,22222,117,52,2,27,Yearly,No,No,East,0
CUST_245,28,60,2145,130506,92,44,5,26,Yearly,DSL,Yes,South,1
CUST_246,34,7,2008,15018,17,98,5,18,Yearly,Fiber,Yes,North,1
CUST_247,55,5,3930,20022,28,85,2,19,Monthly,No,No,South,1
CUST_248,41,45,3511,159599,41,56,4,16,Quarterly,No,Yes,East,0
CUST_249,22,58,2593,150909,66,55,0,5,Quarterly,Fiber,Yes,West,0
CUST_250,69,31,4032,125597,25,87,1,3,Yearly,Fiber,No,East,0
CUST_251,51,23,4129,95799,58,70,2,0,Monthly,No,No,South,1
CUST_252,23,42,1810,77868,114,77,7,17,Monthly,DSL,Yes,East,0
CUST_253,39,10,775,9726,41,87,1,18,Yearly,No,No,East,0
CUST_254,28,32,1276,41355,6,73,3,8,Yearly,No,No,West,0
CUST_255,65,53,1507,81401,75,81,5,12,Yearly,Fiber,Yes,South,0
CUST_256,33,30,2260,69491,38,66,5,7,Quarterly,No,Yes,East,0
CUST_257,50,39,857,33912,6,19,2,22,Yearly,DSL,No,East,0
CUST_258,26,31,1182,37083,45,83,2,12,Quarterly,Fiber,Yes,West,0
CUST_259,23,2,2494,6033,75,7,7,14,Monthly,No,Yes,North,1
CUST_260,33,12,2967,36317,14,63,3,10,Monthly,No,No,South,0
CUST_261,46,39,4977,194695,66,42,4,11,Quarterly,DSL,No,North,1
CUST_262,20,66,1910,126351,40,42,2,13,Quarterly,No,No,North,0
CUST_263,37,13,3788,49842,3,59,5,3,Quarterly,No,No,West,0
CUST_264,53,46,2754,127605,119,20,1,0,Quarterly,No,Yes,West,0
CUST_265,36,27,4794,131273,117,73,0,23,Yearly,No,Yes,South,1
CUST_266,43,17,2246,39538,99,17,6,3,Monthly,DSL,No,North,1
CUST_267,20,60,3108,186806,97,27,1,18,Yearly,No,No,East,0
CUST_268,36,64,4125,265494,24,47,4,8,Quarterly,No,No,North,0
CUST_269,37,35,3836,134498,19,2,0,9,Yearly,No,No,West,1
CUST_270,49,70,4102,288095,18,63,1,3,Yearly,Fiber,Yes,East,1
CUST_271,24,30,4477,135226,64,62,1,19,Monthly,DSL,Yes,East,1
CUST_272,69,71,4999,356201,113,19,3,29,Yearly,Fiber,No,West,1
CUST_273,58,63,2270,144248,116,17,6,8,Monthly,Fiber,No,East,1
CUST_274,50,28,4122,116989,88,69,7,12,Quarterly,DSL,Yes,North,0
CUST_275,57,60,3119,188326,109,39,4,11,Yearly,Fiber,Yes,West,0
CUST_276,56,37,1202,44677,35,82,5,10,Quarterly,Fiber,Yes,South,0
CUST_277,35,22,664,16582,62,71,3,11,Monthly,Fiber,Yes,West,1
CUST_278,57,68,4558,310914,1,81,0,29,Quarterly,DSL,No,South,1
CUST_279,18,20,3419,69147,100,39,6,17,Quarterly,No,Yes,South,0
CUST_280,28,68,2858,194716,25,36,5,29,Monthly,DSL,Yes,West,1
CUST_281,45,64,2163,139561,45,40,3,11,Quarterly,DSL,Yes,West,0
CUST_282,42,17,415,8325,49,45,6,15,Quarterly,DSL,No,South,1
CUST_283,67,12,2684,32491,107,4,7,4,Quarterly,Fiber,No,South,1
CUST_284,40,22,4235,94321,98,25,4,19,Yearly,No,Yes,East,1
CUST_285,48,17,2790,49103,89,69,2,24,Quarterly,DSL,Yes,West,1
CUST_286,47,10,1242,13662,16,30,7,11,Monthly,DSL,No,West,1
CUST_287,59,65,2024,131952,98,76,2,20,Yearly,No,No,East,0
CUST_288,52,22,2634,59442,93,68,0,24,Yearly,No,Yes,West,1
CUST_289,24,50,3067,154717,19,88,2,10,Monthly,No,No,East,1
CUST_290,33,14,1437,21821,23,29,3,8,Quarterly,Fiber,Yes,East,0
CUST_291,43,64,2827,182777,83,73,0,29,Yearly,No,No,West,0
CUST_292,65,47,4417,208940,25,68,5,17,Yearly,Fiber,Yes,North,1
CUST_293,69,29,3720,108156,16,51,7,29,Yearly,DSL,Yes,South,0
CUST_294,66,36,4206,152838,54,24,7,24,Quarterly,Fiber,No,West,1
CUST_295,19,52,3937,206523,115,14,4,2,Yearly,No,Yes,North,0
CUST_296,18,7,3253,22928,73,69,0,19,Monthly,Fiber,No,East,0
CUST_297,65,29,2667,78735,1,18,5,16,Quarterly,No,No,North,1
CUST_298,29,11,4521,50138,42,42,7,13,Monthly,Fiber,No,West,1
CUST_299,22,33,576,20701,19,57,0,0,Monthly,DSL,Yes,West,1
CUST_300,54,6,2299,15205,97,83,1,16,Yearly,Fiber,Yes,North,0
CUST_301,49,32,1527,49940,34,12,1,24,Yearly,DSL,Yes,West,0
CUST_302,26,51,4052,207880,80,82,0,26,Yearly,No,No,South,0
CUST_303,58,58,4035,235381,108,17,7,7,Monthly,DSL,Yes,North,1
CUST_304,52,26,995,27240,104,30,6,4,Quarterly,No,Yes,East,1
CUST_305,36,46,1609,74813,55,88,2,4,Yearly,No,Yes,North,0
CUST_306,65,29,4452,130725,18,75,1,8,Yearly,DSL,Yes,North,0
CUST_307,33,4,3534,14318,34,99,6,2,Monthly,DSL,No,North,1
CUST_308,20,13,4414,58691,89,23,6,18,Quarterly,Fiber,Yes,North,0
CUST_309,37,39,2611,102180,45,81,4,22,Monthly,Fiber,No,East,0
CUST_310,41,15,3141,48593,6,1,5,8,Yearly,DSL,No,East,0
CUST_311,50,29,4508,132605,21,79,3,21,Monthly,DSL,No,East,1
CUST_312,41,29,3859,113906,70,32,1,29,Yearly,DSL,No,North,1
CUST_313,69,32,3698,120155,96,9,0,17,Quarterly,DSL,Yes,South,0
CUST_314,28,2,841,2577,105,15,2,15,Monthly,No,Yes,South,0
CUST_315,66,47,2994,141714,48,28,3,0,Yearly,DSL,Yes,East,0
CUST_316,25,22,4974,109737,107,24,5,1,Yearly,DSL,No,South,0
CUST_317,53,27,1388,38391,39,60,6,13,Yearly,DSL,Yes,South,0
CUST_318,55,67,3663,247352,31,35,5,13,Yearly,DSL,No,South,1
CUST_319,57,56,324,18852,106,86,7,0,Monthly,No,Yes,South,0
CUST_320,37,21,1872,39858,10,27,1,25,Yearly,Fiber,Yes,South,1
CUST_321,52,47,3258,153685,30,83,5,25,Monthly,Fiber,Yes,West,0
CUST_322,65,59,4536,268691,116,76,5,24,Yearly,Fiber,No,East,1
CUST_323,42,6,2067,12973,18,20,2,15,Monthly,Fiber,Yes,North,1
CUST_324,52,19,2535,50008,60,65,7,14,Monthly,Fiber,No,South,1
CUST_325,42,57,500,28969,88,85,7,25,Yearly,No,No,West,0
CUST_326,46,69,3498,242361,116,49,6,14,Yearly,Fiber,No,North,0
CUST_327,35,3,556,3283,73,1,2,11,Yearly,No,Yes,West,0
CUST_328,63,1,4047,5069,95,10,2,15,Yearly,No,Yes,South,0
CUST_329,35,58,4942,286872,15,47,0,13,Quarterly,Fiber,No,South,1
CUST_330,19,38,2541,97024,4,59,5,28,Yearly,Fiber,No,South,1
CUST_331,52,15,3475,53136,63,96,5,23,Yearly,Fiber,No,South,0
CUST_332,33,34,3906,133087,40,62,7,14,Yearly,DSL,No,North,1
CUST_333,58,61,3636,223507,9,86,5,22,Monthly,No,No,North,1
CUST_334,53,35,713,26365,109,18,4,14,Yearly,Fiber,Yes,West,0
CUST_335,50,64,2314,148667,9,46,2,18,Monthly,DSL,Yes,East,0
CUST_336,21,25,1681,43523,26,32,3,7,Monthly,No,Yes,South,0
CUST_337,50,24,1398,34305,4,27,7,1,Monthly,DSL,No,West,1
CUST_338,31,12,3726,45560,81,92,1,1,Monthly,DSL,No,West,1
CUST_339,38,18,3955,71826,16,18,7,26,Quarterly,Fiber,Yes,West,1
CUST_340,65,15,1209,19769,15,39,6,9,Yearly,No,Yes,South,0
CUST_341,37,27,487,14050,99,49,3,2,Monthly,DSL,No,South,1
CUST_342,25,60,4344,262342,52,93,6,22,Yearly,No,No,West,1
CUST_343,24,46,4056,187949,69,82,0,16,Monthly,Fiber,No,South,1
CUST_344,20,17,2315,40374,119,44,0,7,Quarterly,No,Yes,West,0
CUST_345,34,53,2392,127385,5,72,6,27,Monthly,DSL,No,North,1
CUST_346,50,8,3944,32281,20,54,5,22,Yearly,DSL,No,South,1
CUST_347,65,27,2430,66711,79,95,3,3,Yearly,No,No,North,0
CUST_348,29,46,657,31418,18,34,5,13,Quarterly,DSL,Yes,East,0
CUST_349,68,50,2722,137505,111,71,7,20,Yearly,DSL,No,South,1
CUST_350,39,71,4557,324562,2,36,4,9,Yearly,DSL,Yes,East,0
CUST_351,39,3,4845,16018,93,18,0,28,Monthly,Fiber,No,West,1
CUST_352,63,64,1797,116141,13,38,0,0,Yearly,Fiber,No,South,0
CUST_353,47,44,2458,109486,4,59,3,3,Monthly,DSL,Yes,South,0
CUST_354,55,53,2855,153273,42,9,0,0,Quarterly,No,No,South,0
CUST_355,55,24,2642,63659,109,73,4,16,Yearly,Fiber,Yes,East,0
CUST_356,62,60,3251,196188,74,72,4,25,Monthly,No,No,East,1
CUST_357,68,3,1538,5932,61,51,4,16,Yearly,DSL,Yes,West,0
CUST_358,25,20,1273,26866,95,35,1,6,Monthly,DSL,No,North,0
CUST_359,44,46,4265,196753,105,82,4,22,Quarterly,No,Yes,North,1
CUST_360,44,15,1350,21486,8,5,4,19,Monthly,Fiber,Yes,East,1
CUST_361,51,25,4001,100395,67,14,1,14,Yearly,No,No,South,1
CUST_362,38,71,3080,219966,112,92,5,12,Monthly,No,Yes,North,1
CUST_363,47,17,1888,32655,63,30,7,27,Yearly,DSL,No,North,1
CUST_364,50,9,4178,37806,110,4,2,1,Quarterly,Fiber,Yes,East,1
CUST_365,45,38,2668,103200,9,39,0,27,Monthly,No,No,West,1
CUST_366,64,48,736,37007,94,84,4,18,Yearly,Fiber,No,East,0
CUST_367,50,60,3128,189085,117,64,0,23,Yearly,DSL,No,East,1
CUST_368,22,63,1856,118738,11,25,3,12,Yearly,Fiber,No,South,0
CUST_369,65,2,4158,8577,99,28,0,23,Monthly,DSL,Yes,East,0
CUST_370,36,11,1604,18094,101,76,6,10,Monthly,Fiber,No,South,1
CUST_371,21,64,2684,172309,42,66,5,26,Monthly,No,No,West,1
CUST_372,52,21,482,11073,13,78,7,21,Quarterly,DSL,No,South,1
CUST_373,66,18,1889,34241,36,22,1,14,Yearly,No,No,West,0
CUST_374,34,64,1887,122362,13,31,0,9,Yearly,DSL,No,West,0
CUST_375,61,38,959,37697,12,23,0,8,Quarterly,Fiber,Yes,West,0
CUST_376,45,32,459,14874,37,48,0,26,Quarterly,Fiber,No,East,1
CUST_377,47,11,4253,48594,74,20,2,27,Monthly,DSL,Yes,South,1
CUST_378,46,45,1311,59277,73,38,2,8,Monthly,DSL,Yes,North,0
CUST_379,63,33,352,12083,52,55,3,19,Monthly,DSL,No,East,1
CUST_380,23,41,2607,107115,71,68,1,27,Monthly,Fiber,No,West,0
CUST_381,52,8,1528,13593,2,79,0,0,Monthly,DSL,Yes,North,1
CUST_382,58,11,1335,16409,118,88,0,16,Monthly,DSL,Yes,East,0
CUST_383,54,51,4002,205803,56,89,0,11,Quarterly,No,Yes,North,1
CUST_384,41,41,4345,178914,60,1,0,9,Quarterly,DSL,No,West,0
CUST_385,46,17,4749,82234,23,7,2,4,Quarterly,No,Yes,North,0
CUST_386,66,46,1564,72192,103,57,5,29,Yearly,No,Yes,North,0
CUST_387,63,32,2184,70972,40,95,5,28,Yearly,No,No,West,0
CUST_388,48,54,2109,114837,64,12,3,17,Monthly,Fiber,Yes,North,0
CUST_389,52,20,3467,70896,103,5,6,14,Quarterly,No,No,East,0
CUST_390,50,33,4097,135928,85,50,4,5,Yearly,DSL,Yes,North,0
CUST_391,69,40,2641,107489,23,42,1,6,Yearly,Fiber,No,South,0
CUST_392,38,32,3714,120440,29,12,5,16,Quarterly,Fiber,Yes,East,1
CUST_393,49,2,1117,2779,78,18,6,5,Yearly,Fiber,No,North,1
CUST_394,40,33,2737,91925,90,66,7,7,Yearly,Fiber,No,South,0
CUST_395,50,30,1188,36623,51,74,7,11,Quarterly,Fiber,Yes,South,0
CUST_396,20,33,967,32304,69,79,0,20,Yearly,Fiber,No,South,1
CUST_397,35,26,2924,77912,119,94,7,13,Quarterly,Fiber,Yes,North,1
CUST_398,42,22,4532,100970,95,17,5,11,Yearly,No,No,West,0
CUST_399,59,66,4823,318667,89,68,3,22,Quarterly,DSL,No,South,0
CUST_400,48,38,1118,43461,31,71,4,9,Yearly,DSL,No,West,0
CUST_401,20,46,2488,115495,50,62,5,21,Yearly,No,No,East,1
CUST_402,57,15,1406,22164,20,41,3,19,Quarterly,No,No,West,0
CUST_403,63,44,2524,112481,108,95,7,14,Yearly,Fiber,No,West,1
CUST_404,41,49,497,25501,55,34,2,6,Quarterly,Fiber,No,West,0
CUST_405,67,61,2971,182119,81,70,4,25,Quarterly,No,Yes,West,1
CUST_406,49,67,3792,255147,109,45,3,8,Yearly,Fiber,Yes,West,0
CUST_407,64,6,2748,17476,2,58,6,9,Monthly,DSL,No,East,1
CUST_408,39,9,770,7919,25,51,5,9,Yearly,DSL,No,East,0
CUST_409,40,6,2248,13657,13,34,2,15,Monthly,Fiber,No,West,1
CUST_410,19,32,4199,135092,103,44,6,28,Monthly,Fiber,Yes,West,1
CUST_411,44,41,2310,95684,92,15,3,6,Yearly,Fiber,No,South,0
CUST_412,59,8,4100,34035,106,78,3,27,Monthly,DSL,Yes,East,1
CUST_413,19,50,4418,222387,119,70,7,29,Quarterly,Fiber,No,North,1
CUST_414,43,62,4096,255378,70,50,6,4,Quarterly,No,No,East,1
CUST_415,34,62,4288,266426,67,32,5,22,Monthly,Fiber,No,North,1
CUST_416,57,7,534,3928,58,67,4,2,Quarterly,No,No,South,0
CUST_417,50,4,1228,5541,99,3,2,17,Yearly,Fiber,No,West,0
CUST_418,26,6,3907,24202,82,86,7,10,Quarterly,Fiber,Yes,South,1
CUST_419,60,58,822,48514,75,86,0,14,Monthly,DSL,No,West,0
CUST_420,65,22,3823,84931,118,74,1,20,Yearly,No,Yes,East,0
CUST_421,56,26,4826,126447,84,51,4,19,Quarterly,No,Yes,West,0
CUST_422,46,3,1929,7573,64,67,7,4,Yearly,No,No,North,1
CUST_423,59,41,4928,202339,69,76,2,23,Monthly,DSL,No,North,1
CUST_424,43,60,1616,98635,83,93,6,11,Quarterly,No,No,South,0
CUST_425,52,14,3157,45563,86,48,3,3,Yearly,DSL,Yes,East,0
CUST_426,67,12,1424,17325,59,17,6,14,Yearly,Fiber,Yes,North,0
CUST_427,42,12,2887,35088,60,7,7,8,Quarterly,Fiber,Yes,South,0
CUST_428,41,13,1323,18502,83,13,2,6,Yearly,No,No,East,1
CUST_429,30,25,1678,43058,111,66,6,9,Yearly,Fiber,Yes,East,0
CUST_430,24,45,3674,167165,62,4,6,28,Monthly,Fiber,Yes,South,1
CUST_431,53,19,1819,35163,16,10,1,27,Monthly,No,Yes,North,0
CUST_432,62,55,526,29232,88,88,5,22,Monthly,Fiber,No,North,1
CUST_433,37,45,1191,54267,105,17,7,12,Monthly,No,Yes,South,1
CUST_434,18,8,4372,35267,68,52,1,28,Monthly,No,Yes,North,1
CUST_435,25,53,2557,135625,15,6,7,7,Monthly,Fiber,No,South,0
CUST_436,63,55,3088,171200,89,83,0,11,Quarterly,Fiber,No,North,1
CUST_437,33,32,696,24088,108,69,0,21,Monthly,Fiber,No,North,1
CUST_438,31,51,2378,121688,55,96,1,23,Yearly,Fiber,Yes,South,0
CUST_439,29,44,4724,208504,35,74,4,18,Quarterly,Fiber,Yes,South,0
CUST_440,68,70,3537,247745,55,9,4,25,Yearly,DSL,Yes,North,1
CUST_441,40,18,4193,76016,14,91,6,25,Monthly,Fiber,No,South,1
CUST_442,32,22,2305,52070,49,77,6,29,Monthly,DSL,Yes,North,1
CUST_443,45,37,2316,86661,83,83,3,0,Yearly,No,No,West,0
CUST_444,51,56,3471,196360,102,21,0,15,Yearly,Fiber,No,East,0
CUST_445,19,59,2968,176432,100,24,7,21,Yearly,Fiber,Yes,East,0
CUST_446,49,3,2178,7218,7,4,3,16,Quarterly,Fiber,Yes,North,1
CUST_447,40,28,1496,43582,30,24,0,24,Monthly,No,Yes,East,0
CUST_448,39,35,2072,73371,83,59,1,29,Yearly,DSL,No,North,0
CUST_449,68,61,461,29758,49,99,4,17,Monthly,DSL,No,South,0
CUST_450,42,54,4276,232476,89,3,6,10,Yearly,Fiber,Yes,West,0
CUST_451,39,63,2051,129672,16,68,4,17,Monthly,Fiber,No,East,0
CUST_452,39,7,1075,9348,111,40,1,6,Quarterly,Fiber,Yes,East,0
CUST_453,66,49,1239,61629,118,48,3,17,Monthly,Fiber,Yes,South,0
CUST_454,69,31,3520,109249,104,54,3,25,Yearly,No,Yes,West,1
CUST_455,59,58,839,50564,51,35,2,7,Monthly,Fiber,No,West,1
CUST_456,23,61,1761,107628,72,95,6,5,Quarterly,No,No,West,0
CUST_457,32,24,655,16663,82,56,6,29,Quarterly,Fiber,Yes,South,1
CUST_458,60,20,3904,79805,92,89,7,6,Monthly,DSL,Yes,East,1
CUST_459,54,37,3623,134867,80,40,6,22,Yearly,DSL,No,East,1
CUST_460,50,4,534,3126,116,77,0,21,Quarterly,Fiber,Yes,West,1
CUST_461,25,20,1848,38019,83,68,3,9,Quarterly,Fiber,No,South,0
CUST_462,61,60,2396,145328,42,46,1,10,Monthly,No,Yes,South,0
CUST_463,61,24,4513,109304,17,78,3,24,Quarterly,Fiber,No,South,0
CUST_464,22,50,2401,121611,63,13,4,12,Quarterly,Fiber,Yes,West,0
CUST_465,56,49,1973,97508,45,27,0,8,Yearly,Fiber,No,South,1
CUST_466,21,51,2400,123105,77,6,6,6,Yearly,DSL,Yes,West,0
CUST_467,23,36,3957,143008,7,17,7,8,Yearly,No,No,West,1
CUST_468,62,66,4953,327612,27,36,7,12,Monthly,DSL,No,West,1
CUST_469,49,34,3896,134322,10,99,7,25,Quarterly,No,No,North,1
CUST_470,69,36,4048,146525,34,81,5,2,Monthly,DSL,No,West,1
CUST_471,47,6,3473,22657,36,2,2,2,Quarterly,Fiber,Yes,South,0
CUST_472,64,39,2115,84103,25,77,0,0,Quarterly,DSL,No,North,0
CUST_473,52,42,4141,174695,6,52,4,20,Quarterly,DSL,No,East,0
CUST_474,57,58,2305,135060,24,66,6,19,Yearly,No,Yes,East,1
CUST_475,69,12,4793,58158,18,52,4,1,Monthly,No,No,South,0
CUST_476,33,3,974,4609,87,92,4,24,Monthly,DSL,Yes,South,1
CUST_477,30,18,686,13304,6,43,6,2,Quarterly,No,No,South,0
CUST_478,67,40,2458,100031,29,90,4,14,Monthly,No,No,South,0
CUST_479,59,21,2961,63177,25,22,7,23,Yearly,No,No,North,0
CUST_480,47,15,2364,37022,55,55,1,5,Monthly,No,No,South,0
CUST_481,36,26,4151,108303,81,67,2,29,Quarterly,No,No,West,1
CUST_482,34,8,3553,29075,46,99,5,12,Yearly,DSL,No,East,1
CUST_483,36,42,4936,209048,24,60,4,20,Yearly,No,Yes,South,1
CUST_484,45,44,4566,201114,75,58,4,0,Quarterly,Fiber,Yes,West,0
CUST_485,43,14,1039,15030,26,12,3,19,Monthly,DSL,No,South,0
CUST_486,54,2,1701,5358,115,88,2,18,Quarterly,DSL,No,West,1
CUST_487,43,37,3559,132543,98,69,0,0,Monthly,DSL,Yes,North,0
CUST_488,40,69,2577,179127,28,84,2,27,Monthly,No,Yes,East,0
CUST_489,26,38,4204,161365,3,39,2,20,Yearly,Fiber,No,East,1
CUST_490,29,41,4223,173936,75,13,6,21,Quarterly,No,No,North,1
CUST_491,18,62,4514,281417,38,41,6,1,Yearly,DSL,No,West,0
CUST_492,18,60,3527,212124,61,57,6,14,Quarterly,DSL,No,South,0
CUST_493,64,14,3131,45292,78,53,5,13,Quarterly,DSL,No,West,0
CUST_494,51,2,4058,9448,51,12,7,18,Yearly,DSL,No,East,0
CUST_495,49,70,2812,196961,90,13,2,10,Quarterly,No,Yes,North,0
CUST_496,65,17,2451,42444,48,74,5,29,Quarterly,Fiber,No,North,1
CUST_497,42,28,3975,112010,21,97,4,14,Monthly,Fiber,No,West,1
CUST_498,57,66,3045,202301,54,57,6,5,Quarterly,DSL,Yes,West,0
CUST_499,62,35,4166,145917,56,40,4,19,Quarterly,Fiber,Yes,North,1
CUST_500,18,5,4064,21121,103,80,6,8,Yearly,DSL,Yes,East,1
CUST_501,33,65,2522,165740,94,45,1,4,Yearly,DSL,Yes,South,0
CUST_502,56,40,3092,125588,59,35,5,19,Quarterly,Fiber,No,South,1
CUST_503,22,56,1997,112460,72,3,5,1,Monthly,DSL,Yes,West,0
CUST_504,39,36,3762,136133,51,5,7,5,Monthly,Fiber,Yes,North,1
CUST_505,46,45,4363,198111,20,90,0,25,Yearly,DSL,No,North,1
CUST_506,20,23,1824,42708,112,11,3,17,Quarterly,Fiber,Yes,North,0
CUST_507,29,47,332,15869,96,71,2,27,Quarterly,DSL,Yes,East,0
CUST_508,43,31,4325,135023,86,56,0,28,Monthly,Fiber,No,West,1
CUST_509,33,11,2866,32121,59,10,5,22,Monthly,DSL,No,West,1
CUST_510,68,10,3103,31719,71,34,0,18,Monthly,DSL,No,West,0
CUST_511,54,67,4196,281660,9,67,1,8,Yearly,DSL,No,East,1
CUST_512,39,14,4009,56999,109,72,3,26,Quarterly,Fiber,No,West,1
CUST_513,46,10,1019,10452,1,31,7,20,Yearly,No,No,South,1
CUST_514,31,1,4879,5344,29,75,5,23,Quarterly,DSL,No,West,1
CUST_515,45,5,1272,8009,63,71,5,26,Yearly,DSL,Yes,West,1
CUST_516,22,20,4018,81722,72,66,2,5,Quarterly,Fiber,Yes,West,0
CUST_517,64,8,4702,37787,56,70,7,13,Monthly,DSL,No,East,0
CUST_518,66,43,4852,210204,118,41,7,27,Monthly,DSL,Yes,South,1
CUST_519,47,1,2507,3261,68,63,6,25,Monthly,DSL,No,South,1
CUST_520,63,57,4726,271327,35,32,3,23,Yearly,DSL,Yes,North,1
CUST_521,69,64,4620,297312,3,20,1,28,Monthly,No,No,North,1
CUST_522,22,28,3330,95158,118,57,4,12,Quarterly,No,Yes,South,0
CUST_523,29,37,3875,143743,109,98,0,10,Yearly,DSL,No,West,0
CUST_524,33,47,3416,162428,104,50,7,11,Quarterly,DSL,Yes,West,0
CUST_525,43,37,3585,133159,7,80,2,18,Yearly,DSL,No,West,1
CUST_526,43,49,943,47575,27,25,5,18,Quarterly,No,Yes,East,1
CUST_527,65,44,494,22851,1,12,4,20,Quarterly,No,Yes,West,1
CUST_528,38,56,4296,241350,91,71,1,26,Yearly,Fiber,No,East,1
CUST_529,56,28,788,23247,80,39,3,25,Yearly,Fiber,Yes,South,1
CUST_530,53,6,2504,15129,102,17,7,18,Monthly,DSL,Yes,West,0
CUST_531,50,61,2957,182209,71,45,0,23,Monthly,DSL,Yes,West,1
CUST_532,47,20,3576,72601,44,11,7,25,Quarterly,No,Yes,North,1
CUST_533,54,2,1402,3473,87,70,2,12,Quarterly,DSL,Yes,South,0
CUST_534,40,37,1541,58957,41,23,7,27,Quarterly,DSL,No,West,1
CUST_535,27,20,815,16806,75,91,7,13,Yearly,No,No,East,0
CUST_536,22,26,692,19332,42,70,7,23,Yearly,No,Yes,South,0
CUST_537,53,29,930,27095,117,38,5,17,Monthly,No,No,North,1
CUST_538,51,1,4016,5954,33,2,5,11,Quarterly,No,Yes,South,1
CUST_539,69,35,2147,76273,50,86,4,3,Monthly,Fiber,No,East,1
CUST_540,48,70,2955,207935,63,84,4,9,Yearly,No,Yes,North,0
CUST_541,27,59,1279,77116,100,89,0,28,Yearly,No,Yes,East,1
CUST_542,36,69,4829,333690,37,79,3,16,Yearly,DSL,Yes,South,0
CUST_543,49,33,3702,122975,105,93,1,3,Monthly,DSL,Yes,North,0
CUST_544,18,51,4171,213391,59,72,6,11,Yearly,DSL,No,East,1
CUST_545,22,12,577,8495,81,37,3,12,Quarterly,Fiber,No,South,0
CUST_546,62,20,532,11493,99,49,3,28,Monthly,No,No,East,1
CUST_547,21,53,1852,98401,48,52,3,26,Yearly,No,Yes,West,1
CUST_548,33,43,3570,155021,5,33,6,28,Monthly,Fiber,No,South,1
CUST_549,41,50,2709,136334,48,22,0,3,Monthly,No,No,North,0
CUST_550,33,29,3812,111920,96,5,6,9,Yearly,DSL,Yes,North,0
CUST_551,19,57,325,19150,3,18,0,24,Yearly,Fiber,Yes,West,1
CUST_552,66,39,760,31225,116,38,6,2,Monthly,No,Yes,East,0
CUST_553,45,56,4064,227696,47,37,1,14,Monthly,Fiber,No,East,0
CUST_554,49,43,3731,161435,62,94,7,1,Yearly,Fiber,No,North,0
CUST_555,44,50,3783,189633,99,95,3,24,Quarterly,No,Yes,East,1
CUST_556,37,23,2294,53417,116,64,7,24,Monthly,DSL,No,South,1
CUST_557,41,44,790,35746,14,10,0,16,Monthly,No,Yes,South,0
CUST_558,29,38,1372,53658,63,79,6,5,Quarterly,No,No,North,1
CUST_559,67,23,3473,79997,112,42,1,25,Yearly,DSL,Yes,South,1
CUST_560,52,45,515,23849,61,48,6,7,Yearly,No,No,North,1
CUST_561,50,52,2023,106810,31,44,7,2,Quarterly,No,No,East,1
CUST_562,50,50,1892,95450,95,82,5,26,Yearly,No,No,East,1
CUST_563,68,8,2906,24351,17,87,1,24,Yearly,Fiber,Yes,East,0
CUST_564,60,1,458,976,24,97,3,17,Monthly,Fiber,Yes,West,0
CUST_565,54,8,3613,30364,116,16,2,21,Monthly,Fiber,Yes,North,1
CUST_566,29,29,3141,91607,23,54,3,0,Monthly,No,No,South,1
CUST_567,20,5,2076,12115,82,35,2,28,Quarterly,DSL,Yes,East,1
CUST_568,18,47,2352,112342,50,98,1,15,Yearly,Fiber,No,West,0
CUST_569,50,34,2595,88451,118,28,5,6,Yearly,DSL,Yes,South,0
CUST_570,57,65,1996,130271,78,2,7,2,Monthly,No,Yes,South,0
CUST_571,27,55,3293,181258,114,94,5,22,Monthly,Fiber,No,South,1
CUST_572,60,43,2769,121062,79,13,0,3,Quarterly,No,No,East,0
CUST_573,61,30,2246,68820,79,41,5,8,Yearly,DSL,Yes,South,0
CUST_574,46,17,4109,70333,70,80,4,4,Quarterly,Fiber,Yes,North,1
CUST_575,30,26,3083,80402,27,59,1,18,Yearly,Fiber,No,West,0
CUST_576,29,8,3944,33002,15,69,7,14,Quarterly,Fiber,No,South,1
CUST_577,48,47,2800,132062,50,92,7,7,Monthly,Fiber,Yes,South,0
CUST_578,63,46,3945,182643,36,53,0,5,Quarterly,DSL,No,North,1
CUST_579,19,68,2945,201448,119,45,7,17,Quarterly,Fiber,Yes,South,0
CUST_580,68,33,2649,87871,8,20,5,18,Monthly,No,Yes,East,0
CUST_581,67,1,2232,3131,79,24,1,23,Yearly,Fiber,Yes,East,0
CUST_582,52,19,3594,69573,3,61,3,14,Yearly,DSL,No,East,0
CUST_583,40,31,2057,65031,62,91,5,25,Monthly,Fiber,Yes,South,0
CUST_584,34,14,1416,20749,47,94,6,6,Quarterly,DSL,Yes,West,0
CUST_585,43,53,2867,153202,77,58,2,9,Quarterly,DSL,No,West,0
CUST_586,25,48,3799,182849,105,27,1,5,Quarterly,No,No,South,0
CUST_587,46,69,792,55627,98,26,7,13,Yearly,Fiber,No,West,0
CUST_588,43,62,3606,224134,88,7,0,16,Quarterly,Fiber,Yes,West,0
CUST_589,27,66,919,62528,104,42,3,8,Yearly,Fiber,No,South,0
CUST_590,43,64,3532,228007,96,47,4,18,Quarterly,No,No,East,0
CUST_591,51,70,4123,289517,61,53,3,29,Monthly,No,Yes,South,0
CUST_592,68,63,2680,169126,32,59,5,4,Monthly,DSL,Yes,East,1
CUST_593,58,33,1846,62761,94,38,2,22,Yearly,DSL,Yes,East,0
CUST_594,24,41,3863,159214,116,69,3,6,Yearly,DSL,Yes,West,0
CUST_595,21,48,1905,92753,113,87,4,18,Monthly,No,No,West,1
CUST_596,67,13,4052,54187,13,92,6,19,Monthly,No,Yes,East,1
CUST_597,62,31,4975,154753,1,98,0,25,Quarterly,No,No,East,1
CUST_598,28,68,2190,149877,34,53,1,6,Monthly,DSL,Yes,West,0
CUST_599,46,4,1575,7707,62,15,2,23,Yearly,No,Yes,North,0
CUST_600,53,19,3043,59804,79,96,4,1,Monthly,DSL,No,East,1
CUST_601,42,70,2793,195846,108,26,7,24,Yearly,DSL,No,East,0
CUST_602,38,13,656,9845,78,48,5,22,Yearly,Fiber,No,East,0
CUST_603,53,23,1169,28297,93,95,5,15,Quarterly,Fiber,Yes,West,0
CUST_604,27,1,1185,2055,98,19,5,12,Quarterly,Fiber,Yes,South,1
CUST_605,54,54,2301,125111,82,9,7,7,Quarterly,DSL,No,East,0
CUST_606,26,71,1583,112628,118,64,7,5,Quarterly,Fiber,No,East,0
CUST_607,41,15,919,14676,71,93,2,5,Monthly,Fiber,Yes,East,1
CUST_608,52,65,1182,78736,93,54,3,8,Quarterly,Fiber,No,South,0
CUST_609,66,71,1096,78086,119,51,2,3,Monthly,No,No,South,0
CUST_610,52,15,3942,59388,31,39,5,26,Quarterly,DSL,Yes,East,0
CUST_611,65,21,3725,78525,64,4,6,10,Quarterly,Fiber,No,East,0
CUST_612,53,19,1596,31934,25,3,4,4,Yearly,No,Yes,North,0
CUST_613,35,60,544,34320,38,64,1,24,Monthly,No,Yes,South,0
CUST_614,66,33,3195,106496,14,29,1,16,Yearly,No,Yes,North,0
CUST_615,56,49,1229,62120,8,11,2,19,Quarterly,Fiber,No,East,0
CUST_616,49,35,819,29347,91,97,5,6,Monthly,No,No,East,1
CUST_617,41,44,3512,156155,54,58,7,26,Quarterly,DSL,No,East,1
CUST_618,40,11,2709,30774,2,75,0,14,Yearly,No,No,East,0
CUST_619,49,66,307,20732,81,27,6,24,Monthly,No,Yes,West,1
CUST_620,54,46,2825,130152,101,97,2,14,Yearly,No,Yes,West,0
CUST_621,29,9,3723,34608,78,21,5,13,Quarterly,No,No,West,0
CUST_622,66,3,2319,8205,89,39,3,12,Quarterly,DSL,No,North,0
CUST_623,30,26,4890,128576,56,95,1,10,Quarterly,Fiber,No,South,1
CUST_624,40,48,4582,221011,94,46,1,27,Monthly,DSL,No,East,1
CUST_625,42,66,3967,262719,93,66,6,12,Yearly,DSL,Yes,South,1
CUST_626,52,70,3971,279551,84,91,1,25,Yearly,Fiber,No,West,0
CUST_627,58,28,3101,88181,85,36,0,21,Quarterly,No,Yes,East,1
CUST_628,47,26,385,10767,61,75,5,27,Yearly,Fiber,No,East,0
CUST_629,34,25,3415,86356,117,82,5,23,Monthly,Fiber,No,North,1
CUST_630,66,12,4532,55704,22,65,6,28,Quarterly,DSL,No,South,1
CUST_631,37,5,2768,14672,35,63,5,8,Quarterly,Fiber,Yes,North,0
CUST_632,65,48,3919,188634,101,99,7,9,Quarterly,No,No,West,1
CUST_633,42,37,1936,72303,16,35,6,3,Monthly,DSL,Yes,South,1
CUST_634,39,44,3883,172585,50,31,5,16,Quarterly,No,Yes,West,0
CUST_635,30,15,4309,64905,113,28,0,13,Quarterly,DSL,No,North,0
CUST_636,36,43,3626,157423,43,1,4,23,Quarterly,No,Yes,North,0
CUST_637,66,48,2518,121136,17,25,2,17,Quarterly,Fiber,Yes,East,0
CUST_638,53,70,2517,176952,80,43,2,10,Yearly,Fiber,Yes,South,0
CUST_639,29,46,2669,123326,58,84,5,15,Quarterly,Fiber,No,South,0
CUST_640,58,43,3938,169783,119,67,3,0,Monthly,No,Yes,East,1
CUST_641,36,21,2803,60620,2,63,1,28,Quarterly,DSL,Yes,South,1
CUST_642,29,23,1243,29182,4,51,0,6,Quarterly,DSL,No,West,1
CUST_643,26,47,3137,148158,85,2,3,27,Yearly,DSL,No,West,0
CUST_644,24,15,2960,45527,39,82,7,9,Quarterly,Fiber,Yes,North,0
CUST_645,45,25,3236,82116,98,64,3,8,Yearly,No,Yes,West,1
CUST_646,31,36,4744,171802,94,74,5,26,Monthly,DSL,Yes,South,0
CUST_647,48,51,4247,216702,6,69,0,27,Yearly,No,Yes,East,0
CUST_648,69,15,1976,30027,81,9,2,27,Quarterly,DSL,No,North,0
CUST_649,36,68,1496,103469,103,2,1,24,Monthly,Fiber,No,East,1
CUST_650,64,21,4405,93774,89,34,2,2,Quarterly,No,Yes,North,0
CUST_651,33,13,3087,42037,69,60,3,21,Yearly,DSL,No,North,0
CUST_652,22,19,1761,35006,69,61,7,22,Monthly,DSL,Yes,East,1
CUST_653,52,34,3618,123719,20,31,1,13,Monthly,DSL,No,West,0
CUST_654,29,68,966,66244,64,10,4,25,Yearly,DSL,No,West,1
CUST_655,42,52,2476,130616,16,76,3,24,Yearly,Fiber,Yes,West,0
CUST_656,69,27,4043,110486,51,36,2,14,Monthly,DSL,Yes,West,0
CUST_657,38,29,900,27435,105,85,2,1,Monthly,DSL,Yes,East,1
CUST_658,53,28,2952,83785,37,49,5,23,Yearly,Fiber,Yes,South,0
CUST_659,40,35,4722,165993,104,70,2,13,Quarterly,DSL,No,North,1
CUST_660,33,8,4124,33467,73,49,0,15,Monthly,No,No,East,0
CUST_661,56,16,4206,67842,69,3,3,6,Yearly,No,Yes,West,0
CUST_662,62,36,1279,46978,42,74,6,3,Quarterly,DSL,No,West,1
CUST_663,59,30,2751,83759,57,5,6,17,Monthly,Fiber,No,East,1
CUST_664,56,18,928,18478,66,90,7,23,Monthly,Fiber,Yes,North,1
CUST_665,31,2,1929,4768,9,61,1,26,Yearly,Fiber,Yes,East,1
CUST_666,48,49,3996,197328,107,85,2,4,Quarterly,DSL,No,East,0
CUST_667,22,4,3730,16139,100,90,5,5,Monthly,DSL,Yes,South,1
CUST_668,52,7,3974,29329,86,26,5,29,Quarterly,No,Yes,East,1
CUST_669,40,39,4229,165989,64,72,2,26,Quarterly,Fiber,No,South,0
CUST_670,46,13,3065,41420,86,5,0,6,Monthly,DSL,No,North,0
CUST_671,60,31,4669,145687,22,15,5,14,Quarterly,DSL,Yes,East,1
CUST_672,28,71,415,30373,34,16,6,25,Monthly,DSL,No,East,1
CUST_673,35,63,2303,146167,55,1,1,0,Quarterly,Fiber,Yes,West,0
CUST_674,64,56,992,56067,29,16,3,23,Monthly,Fiber,Yes,East,0
CUST_675,29,42,3462,146229,38,37,4,3,Yearly,No,No,West,0
CUST_676,26,61,1405,87332,110,3,0,28,Monthly,Fiber,No,West,1
CUST_677,27,42,3308,139489,97,52,7,24,Monthly,DSL,Yes,West,0
CUST_678,61,56,2461,139230,18,47,7,0,Monthly,No,Yes,North,0
CUST_679,34,36,453,17965,71,95,5,10,Quarterly,Fiber,Yes,South,1
CUST_680,55,68,3999,273248,65,13,3,17,Yearly,Fiber,No,West,0
CUST_681,24,7,4710,33219,97,80,4,13,Quarterly,Fiber,Yes,East,0
CUST_682,63,54,4086,221502,1,55,7,21,Quarterly,Fiber,No,East,1
CUST_683,30,1,1364,2242,88,21,2,10,Monthly,DSL,Yes,West,0
CUST_684,57,44,4500,199072,4,66,2,9,Quarterly,Fiber,No,West,0
CUST_685,59,45,2213,100447,4,54,1,26,Monthly,DSL,Yes,East,1
CUST_686,26,47,1516,72353,82,27,4,29,Yearly,DSL,No,West,1
CUST_687,67,13,2701,36751,27,38,2,16,Quarterly,DSL,Yes,South,0
CUST_688,44,22,2072,47100,43,90,7,3,Quarterly,No,Yes,South,0
CUST_689,19,21,2260,48899,59,58,2,23,Quarterly,DSL,Yes,North,0
CUST_690,22,9,3080,27895,32,62,6,14,Monthly,Fiber,Yes,West,1
CUST_691,46,26,3171,83144,33,46,5,25,Monthly,No,No,North,1
CUST_692,54,9,960,10033,28,89,7,15,Quarterly,Fiber,No,North,0
CUST_693,55,15,2935,44349,106,11,7,20,Quarterly,DSL,No,North,1
CUST_694,36,10,2629,27943,105,72,7,12,Yearly,Fiber,No,West,0
CUST_695,25,42,4254,178880,55,8,1,8,Yearly,No,No,North,0
CUST_696,65,24,2750,66350,100,97,3,10,Yearly,No,Yes,South,0
CUST_697,62,49,1432,71524,60,71,7,10,Yearly,Fiber,No,North,1
CUST_698,18,26,999,26914,70,64,2,5,Yearly,Fiber,No,South,1
CUST_699,39,37,2338,88420,62,21,6,0,Monthly,Fiber,No,South,0
CUST_700,69,68,4947,337209,80,72,7,21,Yearly,No,No,West,1
CUST_701,34,50,4800,241206,34,63,0,5,Yearly,DSL,Yes,North,0
CUST_702,24,24,4857,116792,87,85,0,12,Quarterly,Fiber,Yes,West,0
CUST_703,42,19,2479,48399,114,64,3,21,Monthly,DSL,Yes,South,1
CUST_704,62,60,3138,189472,106,20,4,23,Yearly,No,Yes,East,1
CUST_705,21,39,1173,46917,88,8,1,21,Yearly,Fiber,No,North,1
CUST_706,53,18,383,7877,56,58,6,4,Yearly,Fiber,No,West,1
CUST_707,23,19,1722,34097,113,46,5,14,Quarterly,No,Yes,East,0
CUST_708,48,36,2975,108950,13,31,6,26,Quarterly,Fiber,Yes,North,1
CUST_709,36,55,3480,191529,56,93,0,17,Quarterly,DSL,No,North,0
CUST_710,61,69,4616,318884,18,9,0,19,Yearly,No,No,West,1
CUST_711,56,47,4275,201948,54,15,3,13,Quarterly,No,Yes,East,0
CUST_712,44,49,1691,84219,77,94,4,14,Yearly,Fiber,Yes,West,0
CUST_713,27,33,3518,117465,113,26,4,25,Monthly,No,Yes,North,0
CUST_714,43,21,4507,95114,101,10,3,4,Yearly,Fiber,Yes,North,0
CUST_715,36,22,914,20702,43,29,7,25,Quarterly,Fiber,No,South,1
CUST_716,56,48,3271,158156,39,80,6,3,Monthly,No,No,North,1
CUST_717,20,37,3865,144714,61,36,0,1,Yearly,Fiber,No,North,1
CUST_718,62,15,3876,58957,42,84,6,6,Monthly,DSL,Yes,East,1
CUST_719,30,35,4870,172063,81,37,6,9,Monthly,DSL,No,East,1
CUST_720,67,71,570,41586,79,86,1,15,Monthly,Fiber,No,South,1
CUST_721,45,32,4366,141329,18,71,0,9,Yearly,DSL,Yes,South,0
CUST_722,37,11,2768,31885,23,23,4,17,Quarterly,Fiber,Yes,South,0
CUST_723,45,10,1690,17605,54,41,5,16,Yearly,DSL,Yes,West,0
CUST_724,25,57,3654,208752,115,93,6,29,Quarterly,No,Yes,West,0
CUST_725,58,25,4435,111613,30,80,0,20,Yearly,Fiber,Yes,South,1
CUST_726,56,2,3907,8962,98,28,6,27,Yearly,Fiber,Yes,West,1
CUST_727,18,64,2883,185969,58,48,1,12,Yearly,Fiber,No,North,0
CUST_728,20,35,4373,154533,68,38,7,0,Quarterly,Fiber,No,South,0
CUST_729,30,7,3375,23840,67,31,2,0,Yearly,Fiber,No,South,0
CUST_730,45,18,4206,75855,71,14,0,14,Monthly,Fiber,No,West,1
CUST_731,66,67,589,41324,18,97,3,0,Yearly,No,No,East,1
CUST_732,42,42,2780,118661,106,73,2,5,Monthly,No,No,South,1
CUST_733,50,39,3552,138726,7,91,6,24,Quarterly,DSL,Yes,West,1
CUST_734,55,41,578,25280,40,88,3,25,Quarterly,Fiber,Yes,West,0
CUST_735,23,24,3224,79022,70,77,3,12,Yearly,DSL,Yes,East,0
CUST_736,61,60,880,54520,86,90,3,26,Yearly,DSL,No,South,1
CUST_737,62,46,553,25942,65,29,0,27,Yearly,No,No,East,0
CUST_738,49,19,4576,88281,68,51,4,0,Monthly,DSL,Yes,North,0
CUST_739,62,68,1124,77216,110,49,6,4,Quarterly,No,Yes,East,0
CUST_740,64,42,4132,174546,49,43,2,8,Monthly,DSL,Yes,East,0
CUST_741,38,32,999,32570,52,92,1,29,Monthly,Fiber,Yes,West,0
CUST_742,33,39,1680,67364,114,92,4,24,Yearly,DSL,Yes,East,0
CUST_743,38,36,4196,152627,107,72,6,16,Yearly,No,No,North,0
CUST_744,28,36,1973,72021,29,87,7,15,Monthly,No,No,West,1
CUST_745,54,3,3027,10780,21,93,7,7,Monthly,No,No,North,1
CUST_746,53,8,3456,28005,90,5,0,16,Yearly,DSL,Yes,East,1
CUST_747,52,70,3688,259103,78,42,3,14,Yearly,DSL,No,North,1
CUST_748,36,41,4607,189107,9,7,1,23,Monthly,No,Yes,North,1
CUST_749,37,68,683,47353,47,42,6,0,Yearly,Fiber,No,East,0
CUST_750,35,13,641,9410,76,36,2,11,Yearly,Fiber,Yes,East,0
CUST_751,64,49,2287,112216,42,27,6,4,Monthly,DSL,Yes,West,0
CUST_752,58,60,4359,262658,51,58,4,23,Monthly,DSL,No,West,1
CUST_753,66,2,3409,8272,56,46,7,5,Quarterly,No,No,South,1
CUST_754,31,60,4382,263803,51,66,5,24,Monthly,DSL,No,West,1
CUST_755,32,5,4815,24415,70,25,4,0,Yearly,DSL,No,East,1
CUST_756,48,44,3098,138190,20,73,6,24,Monthly,No,No,North,1
CUST_757,18,27,3540,97233,88,27,1,0,Monthly,No,Yes,North,1
CUST_758,20,32,2288,73798,27,1,6,9,Monthly,DSL,No,West,1
CUST_759,33,21,3714,79106,38,87,6,9,Quarterly,Fiber,No,West,1
CUST_760,40,8,2149,17478,72,74,0,2,Quarterly,DSL,Yes,East,0
CUST_761,28,50,605,32231,65,42,2,16,Yearly,Fiber,No,North,0
CUST_762,29,67,3913,262926,54,52,1,18,Quarterly,Fiber,Yes,South,0
CUST_763,27,44,3049,134517,113,25,6,27,Monthly,Fiber,No,South,1
CUST_764,49,58,1435,84282,113,54,3,10,Quarterly,No,No,West,1
CUST_765,33,3,505,3002,24,67,2,28,Monthly,No,Yes,South,1
CUST_766,25,70,4891,342960,47,6,4,17,Quarterly,No,No,East,1
CUST_767,55,2,3750,8030,71,58,1,1,Quarterly,DSL,No,South,0
CUST_768,29,44,4111,181222,83,70,4,8,Quarterly,No,No,West,0
CUST_769,41,2,3922,8247,86,53,7,23,Monthly,No,No,East,1
CUST_770,45,35,3899,136862,63,66,6,16,Quarterly,DSL,Yes,North,1
CUST_771,25,30,2851,85705,57,58,4,27,Monthly,DSL,Yes,East,1
CUST_772,45,8,4608,38687,55,82,4,13,Monthly,Fiber,No,West,1
CUST_773,53,22,609,14854,60,87,0,3,Yearly,DSL,No,West,0
CUST_774,43,44,3008,133450,99,2,4,28,Quarterly,DSL,Yes,South,0
CUST_775,25,58,2291,134759,62,76,3,16,Yearly,No,Yes,South,0
CUST_776,67,36,571,21297,30,22,3,16,Yearly,Fiber,No,North,0
CUST_777,45,69,3942,273595,93,37,2,11,Monthly,Fiber,Yes,North,0
CUST_778,45,31,4386,136892,22,20,6,27,Quarterly,DSL,Yes,West,0
CUST_779,54,47,2122,100116,75,24,5,19,Monthly,No,Yes,West,1
CUST_780,58,55,3573,197205,84,84,7,17,Monthly,No,Yes,West,1
CUST_781,53,62,4838,300127,29,65,4,2,Quarterly,No,No,North,0
CUST_782,44,30,4649,140856,115,65,4,10,Monthly,No,Yes,West,0
CUST_783,34,55,820,45902,41,81,1,24,Quarterly,DSL,No,North,1
CUST_784,26,16,1276,21090,42,1,0,17,Quarterly,No,No,West,0
CUST_785,50,12,4022,49363,98,94,5,3,Monthly,Fiber,Yes,East,0
CUST_786,37,17,3851,66458,65,3,2,16,Monthly,Fiber,No,East,0
CUST_787,30,16,4405,70591,31,46,7,17,Yearly,DSL,No,West,1
CUST_788,45,12,3073,37116,30,55,5,4,Monthly,No,Yes,East,1
CUST_789,65,8,2852,24705,112,75,4,13,Quarterly,No,Yes,North,1
CUST_790,46,3,3132,11074,18,88,1,9,Yearly,No,Yes,South,0
CUST_791,30,16,4207,67428,119,86,6,14,Quarterly,No,No,East,1
CUST_792,63,30,452,14746,17,64,0,0,Yearly,DSL,No,South,0
CUST_793,52,23,3264,75424,38,45,6,15,Monthly,No,No,East,0
CUST_794,23,5,3216,16644,14,26,2,10,Monthly,DSL,No,North,1
CUST_795,35,65,3100,201975,87,77,5,22,Monthly,No,Yes,East,1
CUST_796,68,30,2052,63487,89,65,2,19,Quarterly,No,No,East,0
CUST_797,22,21,2910,62190,79,24,4,5,Yearly,Fiber,Yes,West,0
CUST_798,64,70,4175,292869,110,74,2,23,Quarterly,DSL,Yes,South,0
CUST_799,42,22,1404,32848,56,35,6,28,Yearly,Fiber,Yes,South,0
CUST_800,19,32,2836,90941,22,24,1,21,Monthly,DSL,Yes,North,1
CUST_801,27,33,4499,149286,67,28,2,15,Quarterly,No,No,North,1
CUST_802,47,16,4154,67367,56,80,3,29,Monthly,No,Yes,South,1
CUST_803,67,38,3794,145067,119,16,1,1,Quarterly,DSL,No,West,1
CUST_804,62,14,2214,31725,19,59,5,0,Monthly,Fiber,Yes,West,0
CUST_805,22,36,3372,123376,57,81,0,23,Quarterly,DSL,Yes,South,0
CUST_806,50,23,1306,31336,44,54,0,23,Quarterly,DSL,Yes,East,1
CUST_807,18,66,706,46771,98,79,4,8,Yearly,No,No,South,0
CUST_808,35,2,466,2668,35,16,4,21,Monthly,Fiber,Yes,East,1
CUST_809,49,65,808,53545,114,15,3,11,Yearly,DSL,Yes,South,0
CUST_810,64,67,1961,133173,1,98,5,16,Yearly,Fiber,Yes,East,1
CUST_811,66,52,3964,206627,52,11,6,29,Monthly,Fiber,Yes,West,0
CUST_812,28,62,3789,236823,85,65,0,24,Quarterly,DSL,No,South,1
CUST_813,38,23,980,23609,93,79,0,27,Yearly,Fiber,No,North,1
CUST_814,43,26,2824,74618,70,90,0,28,Monthly,No,Yes,East,1
CUST_815,42,68,2420,165863,37,68,6,14,Quarterly,No,Yes,West,1
CUST_816,39,55,4977,274982,65,43,0,29,Yearly,No,No,North,1
CUST_817,44,6,4657,29446,51,69,2,18,Yearly,No,No,West,1
CUST_818,66,35,1663,59621,1,99,5,26,Yearly,Fiber,No,East,1
CUST_819,30,22,1631,36778,91,13,1,21,Quarterly,No,Yes,South,0
CUST_820,50,43,2592,111750,21,10,1,9,Yearly,DSL,No,West,0
CUST_821,51,15,1838,27897,53,75,3,28,Quarterly,No,Yes,South,0
CUST_822,58,60,3708,224034,16,82,2,25,Yearly,DSL,No,South,1
CUST_823,52,12,860,11879,108,98,0,26,Monthly,DSL,No,West,0
CUST_824,18,49,1399,70461,61,41,0,11,Yearly,No,Yes,West,0
CUST_825,38,42,2203,93086,54,50,4,13,Monthly,No,No,West,1
CUST_826,65,38,474,18729,40,87,4,8,Monthly,Fiber,Yes,South,0
CUST_827,23,45,2456,111664,26,71,3,26,Monthly,DSL,No,North,1
CUST_828,45,35,2530,88713,80,59,0,12,Quarterly,No,Yes,East,0
CUST_829,34,30,4587,137874,92,39,3,2,Monthly,Fiber,No,North,1
CUST_830,22,30,4460,133926,65,3,2,20,Yearly,No,No,South,0
CUST_831,48,6,4220,26754,100,76,1,28,Quarterly,No,Yes,West,1
CUST_832,22,67,1797,121510,74,7,0,13,Monthly,No,Yes,West,0
CUST_833,55,7,4154,29462,64,49,5,20,Quarterly,DSL,Yes,East,1
CUST_834,20,52,3471,182275,43,26,6,9,Quarterly,No,Yes,East,0
CUST_835,40,14,1867,26518,17,33,2,15,Quarterly,Fiber,No,North,1
CUST_836,54,15,1451,22702,59,48,0,6,Yearly,No,No,North,0
CUST_837,54,21,668,14958,23,79,6,3,Monthly,No,No,East,1
CUST_838,27,35,342,13257,7,2,5,26,Quarterly,Fiber,No,South,1
CUST_839,27,66,2207,146679,44,71,4,19,Quarterly,Fiber,No,North,1
CUST_840,36,2,3790,7903,53,32,3,22,Quarterly,DSL,No,West,1
CUST_841,34,35,2835,100108,71,4,4,24,Monthly,DSL,Yes,West,0
CUST_842,38,20,4473,90729,108,20,1,10,Quarterly,DSL,No,South,0
CUST_843,31,10,3173,32794,79,36,4,15,Quarterly,DSL,No,East,0
CUST_844,26,25,2124,54149,34,32,0,19,Yearly,Fiber,Yes,North,0
CUST_845,63,66,1593,107129,46,28,5,3,Monthly,No,No,West,0
CUST_846,18,25,3686,93303,109,77,4,21,Yearly,No,No,East,0
CUST_847,68,54,3272,176832,68,1,0,21,Monthly,No,No,North,1
CUST_848,62,33,4222,141236,78,60,1,22,Monthly,DSL,Yes,South,1
CUST_849,30,36,1292,47082,78,56,6,16,Monthly,Fiber,Yes,West,0
CUST_850,21,14,2686,37737,16,35,5,12,Yearly,Fiber,No,South,1
CUST_851,18,65,2540,165852,71,30,4,10,Yearly,Fiber,Yes,South,0
CUST_852,66,54,1776,97454,96,54,3,29,Yearly,No,No,South,1
CUST_853,57,52,3707,193693,19,36,3,2,Yearly,DSL,No,North,0
CUST_854,49,3,689,2387,2,55,5,8,Quarterly,Fiber,No,South,1
CUST_855,51,41,1299,55250,10,89,3,5,Quarterly,DSL,Yes,North,0
CUST_856,45,6,4920,30153,50,80,4,21,Quarterly,Fiber,No,North,1
CUST_857,48,25,2155,54666,81,58,4,20,Monthly,DSL,No,South,1
CUST_858,25,13,958,13944,101,83,5,10,Quarterly,Fiber,No,South,1
CUST_859,56,8,3063,25535,12,65,4,15,Monthly,DSL,No,East,1
CUST_860,43,21,3963,84163,70,69,6,18,Yearly,Fiber,No,West,0
CUST_861,51,68,1781,122974,22,51,0,26,Monthly,Fiber,Yes,East,1
CUST_862,20,25,4031,101885,32,22,1,4,Monthly,DSL,No,West,1
CUST_863,67,68,751,52741,105,88,6,13,Quarterly,DSL,Yes,West,0
CUST_864,29,45,2775,125556,84,53,6,16,Yearly,No,No,East,0
CUST_865,18,60,3522,212559,1,36,3,2,Yearly,DSL,Yes,East,0
CUST_866,61,12,1837,22382,54,68,0,3,Quarterly,Fiber,No,West,0
CUST_867,22,32,3393,110034,111,36,5,15,Yearly,Fiber,No,West,1
CUST_868,47,13,1182,15906,117,52,7,15,Yearly,DSL,Yes,West,0
CUST_869,47,31,4708,146195,58,53,3,20,Yearly,No,Yes,North,1
CUST_870,34,20,4368,88492,70,82,0,25,Quarterly,DSL,No,West,1
CUST_871,65,18,2866,52999,83,50,4,24,Yearly,Fiber,Yes,South,0
CUST_872,64,60,3577,215107,18,80,5,3,Monthly,Fiber,Yes,South,1
CUST_873,40,63,674,43635,6,41,7,18,Monthly,No,No,South,1
CUST_874,32,6,4846,31049,45,18,5,25,Yearly,DSL,No,East,1
CUST_875,54,32,3997,129544,97,22,7,16,Quarterly,Fiber,No,East,1
CUST_876,38,43,3362,145581,23,66,7,12,Quarterly,Fiber,No,East,1
CUST_877,31,2,4990,11958,23,21,3,25,Quarterly,Fiber,No,West,1
CUST_878,19,60,3550,213737,26,44,4,21,Yearly,DSL,Yes,South,0
CUST_879,28,23,4895,114295,77,47,3,22,Yearly,DSL,No,West,1
CUST_880,68,31,4859,152429,7,39,7,25,Monthly,No,Yes,North,1
CUST_881,56,5,412,2437,79,29,7,23,Quarterly,Fiber,No,North,1
CUST_882,55,34,3497,120857,44,54,2,27,Monthly,Fiber,No,East,0
CUST_883,51,10,2678,27868,27,90,0,0,Monthly,No,Yes,North,0
CUST_884,55,2,2224,5871,26,85,2,11,Quarterly,Fiber,No,South,1
CUST_885,67,11,439,6754,97,17,0,3,Yearly,No,Yes,North,0
CUST_886,51,50,1724,86888,79,80,1,10,Yearly,No,Yes,East,0
CUST_887,35,31,3249,102652,36,60,6,4,Monthly,Fiber,Yes,West,1
CUST_888,47,56,3468,194956,109,31,5,1,Monthly,DSL,No,North,1
CUST_889,32,9,816,8061,55,73,3,16,Monthly,DSL,No,South,1
CUST_890,44,21,2916,62966,64,95,1,7,Monthly,DSL,No,South,1
CUST_891,68,28,1187,33470,91,78,1,5,Quarterly,DSL,No,South,0
CUST_892,51,62,3404,211727,57,49,5,20,Monthly,Fiber,No,West,1
CUST_893,69,7,349,3713,69,2,5,28,Monthly,No,No,South,1
CUST_894,55,16,4251,68605,61,48,0,8,Yearly,No,Yes,East,0
CUST_895,50,4,3860,16017,2,14,2,12,Yearly,Fiber,No,East,1
CUST_896,41,4,318,2554,55,59,4,10,Yearly,DSL,No,South,0
CUST_897,32,40,1773,71403,97,97,0,28,Quarterly,No,No,North,1
CUST_898,47,17,4361,74399,80,99,4,15,Quarterly,Fiber,No,South,0
CUST_899,59,52,2906,151652,87,58,1,15,Yearly,Fiber,Yes,East,0
CUST_900,68,52,751,41028,38,58,4,26,Yearly,DSL,Yes,East,0
CUST_901,34,36,4065,147652,119,51,2,1,Monthly,Fiber,Yes,East,1
CUST_902,22,38,2738,104558,80,84,0,9,Monthly,No,Yes,North,1
CUST_903,46,50,4610,231962,78,2,7,11,Quarterly,No,Yes,North,1
CUST_904,21,63,1849,118217,29,41,5,7,Quarterly,Fiber,No,North,1
CUST_905,27,63,3774,239066,26,83,7,10,Monthly,No,Yes,East,0
CUST_906,34,62,427,26861,35,82,2,29,Yearly,Fiber,Yes,West,1
CUST_907,27,7,3061,23384,79,16,6,9,Monthly,No,No,South,1
CUST_908,34,27,4756,128698,67,4,2,12,Quarterly,DSL,No,South,0
CUST_909,37,14,4964,70757,87,12,6,24,Quarterly,No,Yes,East,0
CUST_910,41,71,1715,121994,29,29,0,16,Monthly,DSL,No,North,0
CUST_911,22,5,501,2798,34,7,5,6,Monthly,DSL,No,West,0
CUST_912,51,55,2669,147210,97,14,2,23,Monthly,Fiber,Yes,West,1
CUST_913,23,2,817,3542,41,12,7,2,Quarterly,DSL,No,North,1
CUST_914,19,62,1641,103729,41,99,6,29,Yearly,No,Yes,South,0
CUST_915,30,21,2288,48291,23,5,5,19,Monthly,No,Yes,South,1
CUST_916,60,21,3845,80860,71,81,3,12,Quarterly,DSL,No,West,0
CUST_917,60,10,4820,49625,3,32,3,18,Quarterly,Fiber,Yes,West,0
CUST_918,65,58,4102,238438,58,74,3,6,Quarterly,DSL,Yes,North,0
CUST_919,28,39,3575,139769,32,43,4,8,Monthly,No,No,South,1
CUST_920,68,5,3954,20796,31,81,2,18,Monthly,No,No,West,1
CUST_921,64,65,2734,178940,82,69,0,12,Yearly,DSL,No,South,0
CUST_922,40,13,507,7802,43,45,7,21,Quarterly,DSL,No,West,0
CUST_923,33,53,2933,155677,7,9,0,7,Monthly,DSL,Yes,North,1
CUST_924,48,45,4417,199771,105,49,4,21,Quarterly,No,No,South,1
CUST_925,28,32,453,15482,1,33,0,17,Quarterly,No,No,West,0
CUST_926,33,36,3666,132416,61,18,6,28,Yearly,No,Yes,West,0
CUST_927,25,60,4614,276943,14,9,3,22,Monthly,Fiber,Yes,West,1
CUST_928,21,11,1818,21448,52,62,7,1,Monthly,No,Yes,West,0
CUST_929,57,63,2900,184233,96,57,2,17,Quarterly,No,Yes,North,0
CUST_930,21,21,2495,52800,6,29,0,17,Quarterly,Fiber,No,South,1
CUST_931,42,52,4798,250503,103,78,0,10,Yearly,Fiber,No,South,0
CUST_932,20,55,4991,275211,10,25,1,0,Yearly,Fiber,Yes,East,0
CUST_933,49,26,3854,102048,71,15,1,13,Yearly,Fiber,Yes,South,0
CUST_934,20,68,2714,185900,90,6,1,15,Yearly,Fiber,Yes,East,0
CUST_935,44,34,3149,108537,98,42,2,10,Yearly,Fiber,Yes,West,0
CUST_936,46,52,2042,107275,30,29,3,0,Yearly,DSL,No,North,0
CUST_937,49,52,1606,83932,100,79,5,29,Quarterly,DSL,Yes,North,1
CUST_938,67,29,4149,120979,21,93,3,6,Yearly,DSL,No,West,0
CUST_939,68,38,4468,171088,60,4,7,28,Quarterly,DSL,Yes,East,0
CUST_940,36,42,4876,205509,81,82,3,15,Quarterly,No,No,West,1
CUST_941,38,21,4955,104865,97,57,2,29,Monthly,Fiber,No,North,1
CUST_942,22,42,4495,190299,74,49,6,13,Quarterly,No,No,North,0
CUST_943,35,13,2855,38856,115,44,6,14,Quarterly,Fiber,No,South,0
CUST_944,45,64,2605,168635,63,80,2,13,Yearly,Fiber,Yes,East,0
CUST_945,59,17,4808,83631,111,75,1,27,Quarterly,No,No,South,1
CUST_946,39,9,1388,13723,42,14,0,20,Yearly,DSL,Yes,North,1
CUST_947,38,41,2942,121252,51,3,4,10,Yearly,No,No,North,0
CUST_948,23,1,1477,1986,64,62,4,15,Yearly,No,No,South,0
CUST_949,18,2,3294,8007,76,64,5,18,Monthly,Fiber,Yes,South,1
CUST_950,22,60,859,52457,56,45,0,16,Yearly,Fiber,Yes,North,0
CUST_951,58,48,3264,157966,80,82,5,26,Quarterly,Fiber,No,South,0
CUST_952,29,29,1571,47013,41,58,1,25,Yearly,DSL,No,South,1
CUST_953,43,10,2113,21722,32,20,5,5,Yearly,No,Yes,East,0
CUST_954,63,58,3215,187788,15,58,0,10,Yearly,No,No,North,1
CUST_955,51,60,909,54651,62,89,7,16,Monthly,DSL,Yes,West,0
CUST_956,66,21,2761,58275,27,57,0,8,Quarterly,No,Yes,East,0
CUST_957,31,28,4420,124349,28,77,4,17,Monthly,No,Yes,West,0
CUST_958,43,34,583,20716,81,68,6,16,Quarterly,Fiber,No,South,0
CUST_959,62,8,3228,26804,64,78,1,11,Monthly,DSL,No,South,1
CUST_960,44,59,4696,277345,110,97,7,22,Quarterly,Fiber,Yes,West,1
CUST_961,26,49,1391,69220,59,92,2,21,Monthly,DSL,Yes,South,0
CUST_962,43,17,1116,20912,114,52,7,21,Yearly,Fiber,Yes,South,1
CUST_963,64,60,382,23675,58,37,7,29,Monthly,No,Yes,East,1
CUST_964,39,45,2220,101339,2,8,5,4,Monthly,DSL,No,West,1
CUST_965,64,69,3791,262372,36,44,4,10,Yearly,DSL,Yes,East,0
CUST_966,47,32,3444,110337,114,98,5,3,Yearly,Fiber,No,West,1
CUST_967,60,44,2393,107011,71,5,5,26,Quarterly,DSL,Yes,East,1
CUST_968,65,65,475,32676,13,69,2,3,Quarterly,No,No,North,0
CUST_969,34,8,3004,25951,15,31,1,2,Quarterly,No,No,North,1
CUST_970,43,43,669,30683,89,45,0,25,Monthly,No,No,West,1
CUST_971,53,1,2118,3337,87,9,3,23,Quarterly,Fiber,No,North,0
CUST_972,18,51,2401,123955,60,32,5,22,Monthly,DSL,No,East,1
CUST_973,25,24,3790,91837,22,33,3,24,Monthly,Fiber,Yes,West,1
CUST_974,66,24,2079,50439,63,67,1,16,Quarterly,No,Yes,North,0
CUST_975,52,17,1664,28685,90,30,3,6,Quarterly,DSL,No,North,0
CUST_976,69,5,4762,24717,97,76,5,25,Monthly,No,Yes,West,1
CUST_977,32,20,3642,74700,75,29,2,3,Yearly,DSL,Yes,North,0
CUST_978,64,21,3976,84440,74,3,3,22,Yearly,DSL,Yes,North,1
CUST_979,39,58,2726,159223,25,90,1,12,Monthly,Fiber,Yes,West,0
CUST_980,31,31,372,13016,101,57,1,11,Quarterly,DSL,Yes,North,0
CUST_981,43,11,3262,37379,48,30,6,0,Monthly,No,Yes,North,0
CUST_982,45,52,1159,60921,43,9,6,20,Monthly,DSL,Yes,North,0
CUST_983,40,15,4156,62742,117,26,2,18,Quarterly,No,No,North,0
CUST_984,31,7,4438,31586,38,2,3,20,Yearly,Fiber,Yes,South,1
CUST_985,41,28,2724,77641,41,62,3,19,Monthly,No,Yes,West,0
CUST_986,19,51,1364,71407,45,3,6,17,Yearly,DSL,Yes,South,1
CUST_987,62,58,2517,147346,88,46,0,10,Yearly,No,No,South,1
CUST_988,43,5,4317,23242,40,68,4,19,Quarterly,No,No,East,0
CUST_989,31,5,2559,13079,110,25,1,2,Monthly,DSL,Yes,South,1
CUST_990,68,8,4051,32975,97,51,0,28,Monthly,No,No,South,1
CUST_991,24,64,2386,153557,17,13,1,16,Yearly,DSL,No,East,1
CUST_992,20,10,668,7142,88,44,7,11,Yearly,Fiber,Yes,North,1
CUST_993,64,38,3104,119358,101,35,7,9,Quarterly,No,No,North,0
CUST_994,40,8,450,5276,57,55,0,7,Yearly,Fiber,Yes,South,0
CUST_995,63,25,1434,36285,2,87,7,14,Quarterly,No,No,East,0
CUST_996,60,66,3084,203805,96,9,6,4,Monthly,No,Yes,North,1
CUST_997,64,50,4464,224483,62,2,6,3,Quarterly,Fiber,No,East,0
CUST_998,62,67,2646,178879,88,61,4,25,Yearly,No,Yes,West,1
CUST_999,35,49,2550,126674,9,41,0,27,Monthly,No,Yes,West,0
CUST_1000,55,36,360,14405,68,44,1,20,Quarterly,Fiber,No,West,1
CUST_1001,52,68,3310,225191,81,64,3,19,Monthly,No,Yes,West,1
CUST_1002,68,41,4201,173788,17,31,1,18,Quarterly,DSL,Yes,South,1
CUST_1003,32,62,1637,102690,117,47,5,20,Yearly,No,No,West,1
CUST_1004,42,10,1484,15527,50,2,6,3,Yearly,No,Yes,West,0
CUST_1005,54,21,4726,101227,112,96,2,14,Monthly,No,Yes,East,0
CUST_1006,45,36,1851,66936,94,82,2,16,Monthly,Fiber,No,North,1
CUST_1007,27,12,4733,57417,40,77,6,11,Monthly,DSL,Yes,East,1
CUST_1008,56,2,1929,5845,58,69,5,2,Quarterly,DSL,No,South,1
CUST_1009,34,13,1627,21755,75,58,2,9,Yearly,No,Yes,West,0
CUST_1010,56,53,1826,98639,85,44,7,14,Monthly,Fiber,No,North,0
CUST_1011,39,32,1973,64947,21,74,6,9,Monthly,Fiber,No,North,1
CUST_1012,43,16,1661,27463,18,56,2,23,Monthly,DSL,Yes,West,1
CUST_1013,61,32,1873,61098,55,43,6,22,Quarterly,Fiber,No,West,1
CUST_1014,42,32,2986,95711,29,89,4,17,Monthly,No,Yes,South,0
CUST_1015,34,11,4670,52047,24,34,3,0,Monthly,No,Yes,South,1
CUST_1016,30,10,2666,27080,74,30,3,2,Quarterly,Fiber,No,West,0
CUST_1017,37,15,4057,62413,109,71,1,20,Quarterly,No,Yes,West,0
CUST_1018,42,17,2734,48237,17,70,5,25,Monthly,DSL,Yes,West,1
CUST_1019,21,40,2293,93519,18,55,6,26,Monthly,No,No,West,1
CUST_1020,27,18,1169,22573,42,67,0,11,Quarterly,Fiber,Yes,North,0
CUST_1021,20,55,1314,73292,112,13,1,0,Yearly,DSL,Yes,South,0
CUST_1022,58,25,2211,56784,84,3,1,2,Quarterly,No,No,West,0
CUST_1023,62,59,902,55012,101,26,6,2,Yearly,DSL,Yes,West,0
CUST_1024,35,22,4121,91330,45,57,6,4,Monthly,Fiber,Yes,North,1
CUST_1025,64,30,990,30901,82,24,1,18,Monthly,No,No,East,0
CUST_1026,53,44,793,36209,17,53,1,28,Yearly,No,Yes,West,0
CUST_1027,64,32,789,26656,73,70,3,24,Quarterly,DSL,Yes,North,0
CUST_1028,39,51,2856,146282,14,43,0,0,Monthly,No,No,North,0
CUST_1029,51,46,4785,220733,49,60,7,3,Yearly,No,Yes,East,1
CUST_1030,64,21,594,13186,29,58,1,28,Quarterly,No,Yes,South,0
CUST_1031,25,32,4327,139743,95,49,7,28,Yearly,No,No,South,1
CUST_1032,57,39,3143,124040,4,42,3,25,Quarterly,Fiber,No,South,1
CUST_1033,66,12,3212,38768,82,76,1,25,Quarterly,No,Yes,West,1
CUST_1034,61,47,2017,95769,20,66,2,3,Quarterly,DSL,Yes,South,0
CUST_1035,36,18,2896,52507,47,11,1,16,Quarterly,Fiber,No,West,0
CUST_1036,59,21,2173,46649,107,98,6,13,Yearly,DSL,Yes,West,0
CUST_1037,58,13,4963,65240,108,90,5,17,Yearly,DSL,Yes,North,1
CUST_1038,54,21,3558,75663,9,18,5,26,Yearly,DSL,Yes,South,1
CUST_1039,23,8,3117,26928,77,85,1,0,Yearly,Fiber,No,South,0
CUST_1040,69,46,744,36005,79,52,4,21,Yearly,Fiber,Yes,South,0
CUST_1041,43,7,3941,29438,27,46,2,15,Quarterly,Fiber,Yes,West,0
CUST_1042,51,23,4758,110207,15,44,0,2,Monthly,No,No,West,0
CUST_1043,62,22,1041,24153,92,22,1,22,Monthly,DSL,No,South,0
CUST_1044,23,22,2341,51915,101,53,7,20,Yearly,Fiber,No,West,1
CUST_1045,54,29,979,28822,119,59,0,8,Yearly,DSL,Yes,West,0
CUST_1046,50,13,2767,37244,19,94,2,22,Monthly,Fiber,Yes,East,1
CUST_1047,39,2,3997,9571,90,30,1,3,Quarterly,Fiber,No,East,1
CUST_1048,38,29,1658,48217,52,8,4,20,Yearly,Fiber,Yes,South,0
CUST_1049,23,52,362,20632,26,98,3,4,Quarterly,DSL,Yes,South,0
CUST_1050,23,27,2859,78736,89,57,4,10,Monthly,No,Yes,East,1
CUST_1051,65,50,4069,204595,26,73,6,20,Monthly,Fiber,Yes,West,1
CUST_1052,21,23,4651,107278,26,20,4,25,Yearly,Fiber,No,West,0
CUST_1053,47,44,434,19834,46,25,7,8,Quarterly,Fiber,No,North,1
CUST_1054,28,22,3944,87715,92,19,3,25,Yearly,No,Yes,South,0
CUST_1055,47,43,2435,106184,49,5,6,2,Monthly,DSL,No,South,1
CUST_1056,48,37,3578,132925,82,75,3,5,Quarterly,DSL,Yes,South,0
CUST_1057,41,61,1122,69270,96,79,5,23,Yearly,DSL,Yes,North,1
CUST_1058,26,56,3374,190163,53,72,3,10,Yearly,DSL,No,North,0
CUST_1059,20,3,3281,10883,3,83,1,8,Yearly,Fiber,No,West,1
CUST_1060,68,63,420,26723,66,87,0,28,Monthly,No,Yes,East,1
CUST_1061,48,19,1937,37050,97,27,5,14,Yearly,Fiber,Yes,East,0
CUST_1062,57,23,1224,29805,42,40,5,22,Quarterly,No,Yes,East,0
CUST_1063,54,29,944,27769,19,96,0,27,Yearly,DSL,Yes,West,0
CUST_1064,53,30,2332,70254,17,26,7,2,Monthly,No,No,East,0
CUST_1065,41,39,3061,120141,108,27,5,0,Yearly,Fiber,No,North,1
CUST_1066,48,25,2368,59779,33,62,3,19,Monthly,Fiber,Yes,North,0
CUST_1067,23,8,541,4550,76,83,4,28,Monthly,DSL,Yes,South,1
CUST_1068,19,58,2968,173667,49,50,2,21,Quarterly,Fiber,No,East,1
CUST_1069,37,16,1102,18430,56,42,7,18,Quarterly,Fiber,Yes,North,1
CUST_1070,45,1,4464,5528,63,29,3,13,Yearly,No,No,South,1
CUST_1071,28,5,495,4050,3,39,6,16,Monthly,Fiber,Yes,East,0
CUST_1072,21,3,2487,8221,107,60,6,21,Monthly,DSL,No,East,1
CUST_1073,32,65,3815,249202,49,41,4,13,Quarterly,DSL,Yes,North,0
CUST_1074,23,4,2630,12398,55,33,7,16,Quarterly,Fiber,Yes,South,1
CUST_1075,66,64,2659,171761,26,83,7,24,Yearly,DSL,Yes,South,0
CUST_1076,47,10,3906,40926,99,83,4,26,Monthly,No,No,North,0
CUST_1077,55,21,576,13937,72,97,7,13,Quarterly,No,No,North,0
CUST_1078,68,46,360,17369,52,16,5,11,Yearly,Fiber,Yes,North,0
CUST_1079,19,27,3690,100125,100,23,1,15,Monthly,Fiber,Yes,East,1
CUST_1080,32,66,2213,147069,117,7,1,0,Monthly,No,Yes,North,0
CUST_1081,28,41,4227,174767,118,26,7,12,Quarterly,DSL,Yes,North,0
CUST_1082,25,13,2891,38687,7,96,5,5,Yearly,Fiber,No,West,0
CUST_1083,43,9,866,9516,46,12,5,16,Quarterly,Fiber,No,North,1
CUST_1084,68,36,4235,153725,46,72,0,11,Yearly,DSL,No,North,0
CUST_1085,62,58,1871,108934,100,5,0,22,Monthly,Fiber,Yes,East,1
CUST_1086,61,54,1500,82834,16,92,2,18,Yearly,DSL,Yes,South,0
CUST_1087,22,12,4709,58189,24,69,2,5,Yearly,DSL,No,East,1
CUST_1088,23,14,3154,46079,61,49,2,6,Yearly,DSL,Yes,West,0
CUST_1089,43,34,3195,110280,54,26,2,0,Yearly,DSL,No,North,0
CUST_1090,21,53,1536,83087,62,5,4,0,Yearly,DSL,No,North,0
CUST_1091,36,20,436,10244,1,22,4,28,Quarterly,No,No,North,0
CUST_1092,37,16,1329,22044,49,79,0,4,Yearly,DSL,No,North,0
CUST_1093,50,70,2456,173353,25,13,1,5,Yearly,No,Yes,North,0
CUST_1094,37,56,2894,162658,10,28,5,15,Monthly,DSL,No,North,1
CUST_1095,66,58,961,56393,118,33,6,24,Yearly,Fiber,Yes,West,1
CUST_1096,29,4,2772,11797,80,23,1,15,Monthly,No,No,North,1
CUST_1097,64,4,2977,13804,16,97,3,13,Quarterly,Fiber,No,North,0
CUST_1098,18,20,2608,52368,58,18,4,0,Quarterly,DSL,No,North,1
CUST_1099,43,10,386,5778,72,30,2,12,Yearly,DSL,No,West,0
CUST_1100,31,24,2812,67959,29,26,2,19,Quarterly,Fiber,Yes,North,0
CUST_1101,55,26,3242,85246,103,16,3,9,Yearly,DSL,Yes,West,0
CUST_1102,54,37,3073,114416,92,77,1,23,Quarterly,Fiber,Yes,East,0
CUST_1103,28,54,2804,152283,6,39,2,9,Yearly,DSL,Yes,North,1
CUST_1104,53,21,3610,76115,16,33,1,8,Yearly,DSL,No,South,1
CUST_1105,30,38,2000,76946,20,26,5,12,Monthly,No,Yes,West,0
CUST_1106,60,46,3970,182762,80,48,3,2,Monthly,Fiber,Yes,East,0
CUST_1107,20,4,3000,12964,71,65,6,26,Monthly,DSL,No,West,1
CUST_1108,50,60,3929,237108,105,38,1,17,Monthly,Fiber,Yes,West,0
CUST_1109,23,57,4890,280140,78,2,5,19,Yearly,No,Yes,East,1
CUST_1110,67,45,1947,89093,43,6,7,1,Quarterly,Fiber,Yes,North,0
CUST_1111,27,20,3618,73244,26,46,7,16,Yearly,No,Yes,North,1
CUST_1112,22,17,3987,68354,90,50,1,27,Monthly,Fiber,No,West,0
CUST_1113,40,71,896,63798,78,38,7,18,Monthly,Fiber,No,East,0
CUST_1114,27,4,4845,20613,71,88,1,22,Quarterly,No,Yes,North,0
CUST_1115,61,14,784,11265,33,18,2,12,Monthly,DSL,No,West,0
CUST_1116,19,3,945,3734,26,27,0,12,Yearly,DSL,Yes,South,0
CUST_1117,30,58,3389,197597,45,41,7,0,Yearly,DSL,Yes,East,0
CUST_1118,57,55,4684,257970,84,72,4,1,Yearly,Fiber,Yes,South,0
CUST_1119,19,4,1020,5927,63,92,1,0,Yearly,Fiber,No,South,0
CUST_1120,37,24,798,19542,67,74,1,23,Yearly,DSL,No,West,1
CUST_1121,18,34,1973,68850,52,17,1,4,Quarterly,Fiber,No,East,0
CUST_1122,54,30,3367,102334,68,62,0,23,Yearly,Fiber,No,North,0
CUST_1123,26,19,414,9786,26,29,5,2,Monthly,DSL,No,North,1
CUST_1124,34,31,3279,102074,75,58,7,28,Monthly,No,No,West,1
CUST_1125,26,60,2036,123794,2,70,6,27,Monthly,Fiber,Yes,North,1
CUST_1126,28,60,3911,236192,14,78,6,6,Monthly,Fiber,No,North,1
CUST_1127,32,19,2553,50237,108,22,3,23,Quarterly,Fiber,Yes,South,0
CUST_1128,41,49,2594,129019,30,6,2,21,Monthly,Fiber,Yes,South,1
CUST_1129,55,63,3930,248526,49,26,0,12,Quarterly,No,No,East,0
CUST_1130,52,22,446,10419,12,39,5,28,Monthly,DSL,Yes,South,1
CUST_1131,47,24,4282,103598,90,12,1,22,Quarterly,Fiber,Yes,North,0
CUST_1132,48,30,3753,114314,44,99,5,29,Quarterly,DSL,Yes,East,0
CUST_1133,66,58,4807,278977,33,14,0,27,Quarterly,Fiber,No,East,1
CUST_1134,22,31,2710,85380,13,22,0,17,Monthly,No,No,West,0
CUST_1135,61,64,436,28644,78,51,0,23,Quarterly,DSL,Yes,South,1
CUST_1136,67,19,3660,71387,88,23,3,20,Yearly,No,No,East,0
CUST_1137,31,48,3305,159679,98,48,4,6,Yearly,Fiber,Yes,North,0
CUST_1138,28,45,3852,175318,108,71,2,0,Monthly,No,No,East,1
CUST_1139,26,55,318,18197,26,50,3,4,Yearly,No,Yes,East,0
CUST_1140,51,55,2542,141520,21,89,3,16,Yearly,Fiber,Yes,West,0
CUST_1141,29,18,748,14129,28,13,7,27,Yearly,Fiber,No,North,1
CUST_1142,52,63,2248,143091,48,85,4,28,Monthly,DSL,No,North,0
CUST_1143,52,47,1245,58668,100,10,3,7,Monthly,Fiber,No,South,1
CUST_1144,18,57,4536,260405,40,55,0,14,Yearly,DSL,No,North,0
CUST_1145,57,45,2220,100527,66,9,0,19,Monthly,No,No,East,1
CUST_1146,39,33,3277,108851,106,79,7,3,Quarterly,No,Yes,North,1
CUST_1147,46,17,4488,77951,73,52,5,1,Yearly,DSL,Yes,North,0
CUST_1148,25,70,4315,303731,87,2,1,4,Monthly,Fiber,Yes,East,0
CUST_1149,28,4,538,2444,79,25,3,0,Monthly,Fiber,No,West,1
CUST_1150,58,20,504,10237,77,13,1,24,Yearly,No,No,South,1
CUST_1151,54,47,2907,138189,23,98,2,4,Monthly,DSL,Yes,South,0
CUST_1152,31,15,4640,70834,81,51,6,5,Yearly,No,Yes,West,1
CUST_1153,47,70,3688,258388,48,58,0,1,Monthly,No,Yes,East,0
CUST_1154,52,47,3272,155756,2,34,5,25,Quarterly,Fiber,Yes,South,1
CUST_1155,38,9,4690,43015,84,35,2,25,Yearly,DSL,No,West,1
CUST_1156,54,16,2987,48743,20,3,7,0,Quarterly,No,Yes,West,0
CUST_1157,22,69,4466,309603,59,59,5,3,Yearly,Fiber,No,West,1
CUST_1158,36,61,1648,100635,46,70,6,6,Monthly,No,Yes,South,0
CUST_1159,31,10,4700,47128,3,48,6,21,Quarterly,No,No,South,1
CUST_1160,43,50,1116,57035,55,64,7,25,Monthly,Fiber,No,South,1
CUST_1161,21,3,1120,4406,12,19,4,0,Yearly,Fiber,No,South,0
CUST_1162,42,70,492,36236,40,67,7,0,Yearly,DSL,No,North,1
CUST_1163,62,51,2076,106106,66,82,0,7,Yearly,No,Yes,West,0
CUST_1164,59,19,3945,75242,100,73,2,19,Yearly,DSL,Yes,North,1
CUST_1165,42,42,4924,208606,78,76,4,15,Yearly,Fiber,Yes,West,0
CUST_1166,35,35,550,20058,16,5,6,20,Quarterly,Fiber,No,South,1
CUST_1167,57,46,2088,97646,83,67,2,12,Yearly,No,Yes,South,0
CUST_1168,25,26,4000,105487,34,11,5,22,Monthly,DSL,Yes,North,1
CUST_1169,56,69,2763,191974,44,94,4,23,Quarterly,DSL,Yes,East,1
CUST_1170,57,64,1467,94199,110,68,4,25,Monthly,No,No,South,0
CUST_1171,31,37,4193,156885,6,69,0,22,Yearly,No,No,East,1
CUST_1172,49,49,1396,68779,77,1,7,17,Monthly,DSL,No,West,1
CUST_1173,68,21,2979,63755,64,91,1,29,Quarterly,Fiber,Yes,North,1
CUST_1174,55,64,2147,139210,100,92,5,19,Quarterly,Fiber,Yes,East,1
CUST_1175,50,5,4204,22915,22,63,5,9,Quarterly,No,Yes,East,1
CUST_1176,40,70,804,56622,18,29,7,11,Monthly,DSL,No,South,1
CUST_1177,32,4,1921,9594,12,82,4,0,Quarterly,DSL,Yes,East,0
CUST_1178,50,39,2772,109333,52,12,4,9,Monthly,DSL,No,East,0
CUST_1179,42,35,2846,100696,118,77,0,8,Yearly,Fiber,No,West,0
CUST_1180,34,1,1687,2471,94,41,1,2,Yearly,Fiber,No,North,1
CUST_1181,50,24,3294,79326,117,2,5,27,Monthly,DSL,No,South,1
CUST_1182,64,57,4116,235364,51,37,6,18,Quarterly,DSL,Yes,South,0
CUST_1183,19,70,1017,71477,104,45,3,25,Monthly,No,Yes,East,1
CUST_1184,31,41,3784,156708,71,80,3,8,Monthly,No,No,West,0
CUST_1185,57,54,4734,256845,96,48,1,9,Monthly,DSL,Yes,East,1
CUST_1186,57,46,958,45667,48,24,2,18,Yearly,DSL,No,East,0
CUST_1187,68,60,4308,258631,19,99,0,15,Monthly,Fiber,Yes,South,1
CUST_1188,56,60,4824,289650,6,22,1,23,Yearly,DSL,Yes,East,1
CUST_1189,68,57,4534,259414,84,11,7,17,Monthly,No,No,East,1
CUST_1190,23,31,4064,127961,27,58,7,13,Yearly,Fiber,No,West,1
CUST_1191,23,24,3289,80102,53,46,3,28,Monthly,No,No,South,1
CUST_1192,20,36,4937,178042,107,29,4,2,Monthly,No,No,North,1
CUST_1193,24,30,2404,73443,101,35,3,1,Quarterly,Fiber,Yes,West,0
CUST_1194,68,24,1555,39253,48,15,4,0,Quarterly,No,No,West,0
CUST_1195,25,30,2782,84417,7,60,0,17,Monthly,DSL,Yes,West,0
CUST_1196,59,7,683,6656,59,95,4,23,Monthly,No,No,South,1
CUST_1197,69,35,2907,102471,69,42,1,8,Monthly,Fiber,Yes,East,0
CUST_1198,32,55,493,28264,11,43,4,12,Monthly,Fiber,No,North,1
CUST_1199,64,14,4107,57896,15,80,2,1,Quarterly,Fiber,Yes,South,0
CUST_1200,46,10,4019,41390,64,74,7,6,Yearly,No,Yes,East,1
CUST_1201,50,16,2881,47119,3,49,1,15,Monthly,DSL,Yes,West,0
CUST_1202,69,54,2865,154946,69,64,7,20,Quarterly,Fiber,No,South,1
CUST_1203,47,70,3063,215553,23,32,0,18,Monthly,DSL,No,East,0
CUST_1204,56,44,3098,136851,53,64,1,24,Monthly,Fiber,No,North,1
CUST_1205,44,45,2639,119065,37,2,2,14,Yearly,DSL,No,North,0
CUST_1206,53,56,3706,208387,9,24,0,21,Monthly,DSL,Yes,East,1
CUST_1207,46,57,1031,60441,15,87,3,10,Monthly,DSL,Yes,South,0
CUST_1208,55,21,3172,67146,3,66,2,0,Yearly,Fiber,Yes,West,0
CUST_1209,50,68,3420,233439,93,38,0,20,Yearly,No,No,East,1
CUST_1210,54,50,4477,225180,70,31,6,6,Yearly,No,Yes,West,1
CUST_1211,44,33,2904,96370,17,26,4,19,Yearly,No,Yes,North,1
CUST_1212,50,7,2682,20676,26,29,1,7,Quarterly,DSL,No,East,0
CUST_1213,21,70,831,58935,21,67,0,9,Quarterly,Fiber,No,North,1
CUST_1214,39,15,4616,70405,72,78,1,4,Quarterly,DSL,Yes,West,1
CUST_1215,19,32,934,30398,21,25,4,8,Monthly,Fiber,No,West,0
CUST_1216,27,20,2069,43026,11,48,0,24,Yearly,DSL,No,East,1
CUST_1217,22,15,4104,62465,38,65,3,24,Yearly,Fiber,No,East,1
CUST_1218,27,48,2670,128869,72,53,6,0,Quarterly,Fiber,No,East,0
CUST_1219,50,71,302,21968,106,67,6,1,Monthly,Fiber,Yes,North,1
CUST_1220,55,21,505,12003,88,90,2,18,Monthly,DSL,Yes,West,0
CUST_1221,30,42,4435,187841,35,18,0,13,Monthly,No,Yes,West,1
CUST_1222,48,26,2921,76947,119,9,4,19,Quarterly,DSL,Yes,North,0
CUST_1223,64,14,3190,45701,14,38,0,9,Monthly,DSL,Yes,East,0
CUST_1224,53,57,3493,199942,119,87,1,8,Monthly,Fiber,No,South,0
CUST_1225,62,37,2966,111234,14,21,5,9,Monthly,Fiber,Yes,East,1
CUST_1226,41,58,3606,210491,10,65,7,28,Yearly,No,Yes,South,1
CUST_1227,69,21,1197,26837,12,21,0,5,Quarterly,No,No,South,0
CUST_1228,32,69,1385,97555,38,27,6,16,Yearly,Fiber,No,North,0
CUST_1229,46,3,1579,6092,108,70,6,27,Yearly,No,No,West,1
CUST_1230,25,37,970,36317,119,44,7,24,Quarterly,No,Yes,West,0
CUST_1231,22,49,1805,90011,110,28,6,5,Yearly,Fiber,No,West,0
CUST_1232,46,19,3875,73776,34,45,3,3,Monthly,DSL,No,West,0
CUST_1233,64,12,2255,27535,41,17,0,29,Monthly,No,No,North,1
CUST_1234,21,61,549,33851,10,40,2,19,Monthly,Fiber,Yes,South,1
CUST_1235,29,41,2192,90238,17,3,0,2,Monthly,No,No,West,1
CUST_1236,62,33,3739,123845,17,76,5,22,Quarterly,No,No,South,1
CUST_1237,19,50,2153,109090,67,76,6,18,Yearly,Fiber,Yes,North,0
CUST_1238,44,68,3154,215919,62,66,1,17,Yearly,No,No,East,0
CUST_1239,48,71,1803,129802,95,46,6,25,Monthly,No,Yes,North,0
CUST_1240,68,33,3685,123598,115,86,0,23,Monthly,No,Yes,West,1
CUST_1241,68,24,3871,93655,1,87,3,3,Yearly,DSL,No,East,0
CUST_1242,53,61,4092,251298,12,30,4,7,Quarterly,DSL,Yes,North,0
CUST_1243,53,61,3726,229038,103,69,0,16,Yearly,No,No,North,1
CUST_1244,43,28,343,11148,4,9,0,4,Monthly,Fiber,No,South,1
CUST_1245,60,58,3912,227041,42,85,2,12,Monthly,No,No,North,1
CUST_1246,44,43,2918,127418,13,11,3,24,Quarterly,No,No,East,0
CUST_1247,22,41,4978,204797,98,69,5,0,Yearly,DSL,Yes,North,0
CUST_1248,37,39,3463,135876,106,99,4,26,Quarterly,DSL,No,West,0
CUST_1249,28,49,1588,79204,85,91,6,12,Quarterly,DSL,No,South,0
CUST_1250,27,17,3242,55814,86,66,1,3,Monthly,No,No,East,1
CUST_1251,57,70,519,36810,4,88,0,21,Yearly,No,Yes,East,1
CUST_1252,55,70,2225,155967,82,31,5,25,Monthly,Fiber,Yes,North,0
CUST_1253,23,65,3272,214369,69,33,4,23,Yearly,No,No,West,1
CUST_1254,25,5,3813,19280,19,39,1,13,Monthly,No,Yes,South,0
CUST_1255,40,2,2748,7249,2,94,5,2,Monthly,DSL,Yes,East,1
CUST_1256,64,22,3771,83321,12,46,3,4,Yearly,DSL,No,South,1
CUST_1257,43,57,3074,176416,81,37,3,6,Yearly,DSL,No,North,0
CUST_1258,63,66,1290,86743,74,92,4,0,Monthly,DSL,No,West,0
CUST_1259,60,16,3246,52340,98,60,6,22,Yearly,DSL,No,North,1
CUST_1260,29,51,2112,107818,6,31,7,28,Monthly,Fiber,No,South,1
CUST_1261,43,39,1103,43482,8,11,1,11,Yearly,Fiber,Yes,North,0
CUST_1262,30,40,789,33317,51,87,3,10,Monthly,Fiber,No,South,0
CUST_1263,57,38,3856,147150,11,2,7,23,Monthly,DSL,No,East,1
CUST_1264,35,60,1793,109051,63,27,4,7,Monthly,DSL,No,East,0
CUST_1265,42,59,3945,234316,57,99,3,24,Quarterly,DSL,No,North,0
CUST_1266,50,10,3191,33248,12,2,3,5,Yearly,Fiber,No,East,1
CUST_1267,64,64,2005,128848,73,21,5,27,Monthly,DSL,Yes,South,1
CUST_1268,57,63,3816,241298,2,58,7,21,Quarterly,Fiber,No,East,1
CUST_1269,60,49,3640,179981,8,5,5,1,Monthly,DSL,Yes,West,1
CUST_1270,29,64,353,24255,11,52,3,18,Quarterly,No,No,West,0
CUST_1271,61,32,2875,92846,53,45,7,19,Monthly,Fiber,No,North,1
CUST_1272,53,7,3891,27703,100,85,2,19,Monthly,No,No,North,1
CUST_1273,65,21,915,19627,10,93,7,23,Quarterly,Fiber,Yes,North,1
CUST_1274,21,20,1254,25717,85,20,5,13,Quarterly,DSL,No,North,0
CUST_1275,22,26,2733,72078,84,61,1,0,Yearly,DSL,No,South,0
CUST_1276,54,68,1929,132349,112,38,4,9,Yearly,No,No,South,0
CUST_1277,25,15,3081,47879,8,20,4,15,Quarterly,DSL,No,West,0
CUST_1278,59,14,949,14876,36,25,6,29,Yearly,Fiber,No,South,1
CUST_1279,66,27,2647,72433,93,2,1,3,Quarterly,DSL,No,East,0
CUST_1280,45,40,4790,192887,106,32,1,26,Yearly,DSL,No,West,0
CUST_1281,48,58,3578,208405,76,26,1,27,Monthly,Fiber,Yes,North,1
CUST_1282,26,28,2940,82753,14,70,6,28,Yearly,No,No,North,1
CUST_1283,68,26,4101,108296,112,41,1,10,Monthly,No,No,South,1
CUST_1284,46,63,2861,181140,54,67,0,15,Monthly,DSL,No,West,1
CUST_1285,31,66,3549,234681,114,97,6,26,Yearly,Fiber,Yes,South,1
CUST_1286,57,25,670,17122,85,1,4,19,Quarterly,No,Yes,South,0
CUST_1287,58,3,1157,4533,86,51,0,0,Monthly,No,No,South,0
CUST_1288,39,44,683,30871,21,5,6,15,Monthly,DSL,Yes,West,1
CUST_1289,28,42,4177,177307,108,13,3,18,Yearly,Fiber,No,North,0
CUST_1290,40,6,2852,18649,50,19,3,20,Quarterly,No,No,East,0
CUST_1291,18,39,4634,181325,94,12,4,21,Quarterly,DSL,Yes,North,0
CUST_1292,63,52,4590,239896,39,48,3,8,Yearly,DSL,No,West,1
CUST_1293,54,23,3025,70359,20,25,1,8,Quarterly,DSL,Yes,North,0
CUST_1294,38,50,4334,216878,88,57,6,8,Yearly,DSL,Yes,North,0
CUST_1295,43,43,3593,155220,87,35,0,26,Yearly,No,Yes,East,1
CUST_1296,63,19,4551,87809,7,76,1,16,Yearly,Fiber,No,North,1
CUST_1297,53,69,4288,296918,9,94,3,11,Monthly,DSL,No,North,0
CUST_1298,40,51,1222,62779,1,5,5,24,Monthly,DSL,No,North,1
CUST_1299,18,11,3215,36082,26,98,7,12,Monthly,No,No,South,1
CUST_1300,68,12,3250,39606,38,22,0,7,Yearly,DSL,No,West,0
CUST_1301,57,8,3346,28450,38,77,1,15,Monthly,DSL,No,West,1
CUST_1302,32,24,1274,31880,118,57,6,17,Monthly,Fiber,No,East,1
CUST_1303,38,41,1530,63405,61,47,4,28,Monthly,DSL,Yes,South,0
CUST_1304,64,36,2735,99829,44,54,1,26,Yearly,No,No,South,0
CUST_1305,26,55,2114,116613,86,3,5,0,Yearly,Fiber,No,North,0
CUST_1306,26,9,3234,29711,44,53,3,0,Yearly,No,No,West,0
CUST_1307,27,47,1663,78682,74,84,0,11,Monthly,Fiber,Yes,East,1
CUST_1308,69,15,4240,65043,119,31,4,5,Quarterly,Fiber,Yes,South,0
CUST_1309,43,48,503,25354,62,69,0,8,Monthly,DSL,Yes,North,0
CUST_1310,58,42,460,19636,6,88,4,22,Monthly,DSL,No,East,0
CUST_1311,52,60,4787,288833,17,33,7,4,Yearly,DSL,Yes,South,0
CUST_1312,69,70,1068,76402,51,72,6,26,Yearly,No,Yes,East,0
CUST_1313,42,12,4048,49977,114,88,0,15,Monthly,DSL,No,South,0
CUST_1314,43,2,2881,7734,38,50,3,17,Monthly,DSL,No,East,1
CUST_1315,28,7,1393,11596,24,84,6,16,Quarterly,Fiber,No,South,0
CUST_1316,55,3,4800,15508,51,16,6,17,Quarterly,DSL,Yes,South,1
CUST_1317,19,3,907,4013,10,76,7,0,Yearly,DSL,No,East,0
CUST_1318,24,27,1840,50109,72,77,4,18,Quarterly,DSL,No,South,0
CUST_1319,35,40,3175,127749,21,39,2,21,Quarterly,DSL,No,South,0
CUST_1320,44,33,3491,116767,70,89,0,28,Yearly,Fiber,No,South,0
CUST_1321,51,1,2137,2627,85,46,0,7,Quarterly,DSL,No,East,0
CUST_1322,44,8,989,9531,57,96,1,2,Monthly,Fiber,No,East,1
CUST_1323,34,32,4059,130368,39,88,4,25,Quarterly,No,Yes,South,1
CUST_1324,60,48,3249,157381,88,47,5,24,Yearly,DSL,No,South,1
CUST_1325,61,4,2403,10453,33,44,2,25,Monthly,DSL,Yes,East,1
CUST_1326,68,70,665,47469,59,9,3,4,Quarterly,DSL,Yes,North,0
CUST_1327,41,19,3875,74397,18,87,1,22,Monthly,Fiber,No,South,1
CUST_1328,42,32,4850,155812,56,50,7,7,Monthly,DSL,Yes,North,1
CUST_1329,24,9,4499,42362,92,77,2,18,Quarterly,DSL,Yes,East,0
CUST_1330,69,12,4472,54712,57,60,4,17,Quarterly,No,Yes,South,0
CUST_1331,23,11,4625,52186,116,96,2,17,Yearly,Fiber,No,North,0
CUST_1332,41,46,2678,124217,96,15,7,20,Yearly,Fiber,Yes,East,0
CUST_1333,50,16,1505,25719,76,36,6,0,Monthly,No,Yes,North,1
CUST_1334,66,1,4139,5151,48,63,0,14,Yearly,Fiber,Yes,West,0
CUST_1335,46,63,3035,191948,42,69,6,17,Monthly,DSL,Yes,East,1
CUST_1336,60,21,3647,77113,27,86,0,28,Monthly,DSL,No,West,1
CUST_1337,39,30,1975,59851,74,80,1,24,Yearly,No,No,East,0
CUST_1338,43,13,598,8603,110,41,7,6,Yearly,Fiber,Yes,East,1
CUST_1339,45,34,1256,44087,52,74,4,15,Yearly,Fiber,No,South,0
CUST_1340,67,4,1414,7292,42,24,4,15,Quarterly,Fiber,No,West,0
CUST_1341,38,28,2805,78710,32,82,2,14,Monthly,No,Yes,West,0
CUST_1342,66,59,1774,105243,106,49,1,5,Monthly,DSL,No,West,1
CUST_1343,24,27,4760,129821,26,18,4,8,Monthly,No,No,East,0
CUST_1344,34,69,4746,328030,25,7,5,6,Yearly,DSL,Yes,West,0
CUST_1345,37,25,4026,100938,75,4,5,13,Yearly,No,Yes,West,0
CUST_1346,58,3,3771,11703,23,90,6,10,Yearly,DSL,No,South,0
CUST_1347,66,68,3128,214347,98,69,0,20,Yearly,Fiber,No,North,0
CUST_1348,37,25,3150,80638,57,60,2,15,Yearly,Fiber,No,North,0
CUST_1349,39,20,2806,57139,52,55,3,24,Quarterly,Fiber,No,West,1
CUST_1350,45,34,4070,138771,104,16,7,5,Yearly,No,Yes,West,1
CUST_1351,57,26,3264,85719,87,99,0,21,Monthly,No,Yes,West,0
CUST_1352,66,5,4894,26228,93,90,1,26,Yearly,No,Yes,West,0
CUST_1353,24,61,1249,78123,31,82,4,15,Monthly,Fiber,Yes,North,0
CUST_1354,18,9,4903,45533,64,29,0,19,Yearly,DSL,Yes,South,1
CUST_1355,49,50,3150,159167,71,23,3,28,Yearly,Fiber,No,East,1
CUST_1356,30,6,465,4759,104,14,3,15,Monthly,Fiber,No,West,0
CUST_1357,47,60,3786,227636,33,79,5,11,Monthly,DSL,Yes,West,0
CUST_1358,40,44,2809,125377,85,49,1,16,Monthly,DSL,Yes,North,1
CUST_1359,68,11,1219,14688,2,33,0,4,Monthly,DSL,Yes,West,0
CUST_1360,36,66,413,27865,18,25,2,26,Quarterly,DSL,No,South,0
CUST_1361,49,47,3804,180324,47,21,0,24,Monthly,Fiber,No,South,1
CUST_1362,47,3,1291,4500,33,17,5,12,Yearly,No,No,West,0
CUST_1363,46,30,4139,125648,101,23,6,7,Yearly,Fiber,Yes,North,0
CUST_1364,66,21,1558,33376,98,57,3,23,Quarterly,DSL,Yes,West,0
CUST_1365,62,28,3726,106214,84,81,1,4,Monthly,No,Yes,West,0
CUST_1366,46,62,814,51778,35,58,1,11,Yearly,No,Yes,North,0
CUST_1367,47,33,3496,116522,51,14,2,8,Quarterly,Fiber,Yes,South,0
CUST_1368,33,35,4734,166049,114,93,1,2,Yearly,Fiber,No,East,0
CUST_1369,57,52,2884,150488,118,20,5,2,Quarterly,Fiber,Yes,West,0
CUST_1370,36,34,367,14130,18,30,5,0,Quarterly,No,No,South,1
CUST_1371,35,41,1896,79410,110,19,5,24,Monthly,No,No,West,1
CUST_1372,18,51,4778,244081,88,53,1,21,Quarterly,No,No,East,1
CUST_1373,31,47,318,15987,72,56,1,17,Yearly,DSL,No,North,0
CUST_1374,68,58,3030,176902,30,77,5,23,Yearly,DSL,No,South,1
CUST_1375,64,57,3821,219409,44,82,1,11,Monthly,Fiber,Yes,East,1
CUST_1376,67,23,872,21823,53,23,7,8,Monthly,No,Yes,West,1
CUST_1377,19,48,2558,123425,10,62,1,8,Quarterly,Fiber,Yes,East,0
CUST_1378,45,22,3202,72237,87,33,7,17,Monthly,No,No,South,0
CUST_1379,66,17,950,17551,52,18,3,17,Yearly,Fiber,No,North,0
CUST_1380,67,69,2887,200529,49,73,0,28,Yearly,DSL,No,West,0
CUST_1381,47,11,3562,40371,11,33,4,6,Monthly,No,No,North,1
CUST_1382,55,15,1638,24777,66,32,7,26,Monthly,DSL,No,North,1
CUST_1383,68,35,3934,138057,58,61,7,3,Monthly,No,No,East,1
CUST_1384,21,33,3127,103512,90,54,1,12,Quarterly,Fiber,Yes,East,0
CUST_1385,18,16,2517,42199,36,17,4,16,Quarterly,No,No,South,0
CUST_1386,25,34,3839,132179,33,19,6,23,Yearly,DSL,No,South,1
CUST_1387,46,66,1337,89455,47,91,4,1,Quarterly,No,Yes,North,0
CUST_1388,56,40,4683,188112,13,70,3,13,Quarterly,Fiber,No,South,0
CUST_1389,20,28,4278,120138,40,99,7,2,Quarterly,No,Yes,North,0
CUST_1390,49,47,3261,154845,89,34,1,4,Quarterly,DSL,Yes,West,0
CUST_1391,27,39,3526,137866,68,84,5,13,Yearly,Fiber,Yes,North,1
CUST_1392,27,70,1398,98216,42,25,4,2,Monthly,DSL,No,South,0
CUST_1393,36,20,2624,52962,19,68,1,22,Yearly,No,Yes,South,0
CUST_1394,63,1,1239,1780,82,74,2,6,Quarterly,DSL,Yes,North,0
CUST_1395,51,63,4016,254989,101,74,6,29,Monthly,No,No,East,1
CUST_1396,50,67,3714,249536,94,88,5,17,Monthly,Fiber,Yes,North,1
CUST_1397,40,4,1748,8205,19,85,2,12,Monthly,DSL,No,North,1
CUST_1398,45,58,870,52332,58,11,2,28,Yearly,DSL,No,East,0
CUST_1399,49,25,3204,80589,23,91,4,22,Monthly,No,Yes,West,1
CUST_1400,67,47,2805,132516,54,16,2,26,Yearly,DSL,No,East,1
CUST_1401,24,38,1217,47413,80,90,3,21,Yearly,DSL,No,South,1
CUST_1402,46,15,2174,34445,65,61,3,9,Quarterly,Fiber,Yes,East,0
CUST_1403,25,63,1978,126401,12,94,4,24,Quarterly,No,Yes,South,0
CUST_1404,18,21,915,19912,24,80,1,12,Monthly,No,Yes,South,0
CUST_1405,20,57,4801,273775,34,7,0,15,Monthly,Fiber,Yes,North,1
CUST_1406,41,53,2049,109821,53,16,1,8,Quarterly,Fiber,No,North,0
CUST_1407,40,46,4125,190456,8,99,1,1,Yearly,No,Yes,West,1
CUST_1408,25,14,4488,64721,18,16,1,22,Yearly,Fiber,Yes,South,1
CUST_1409,64,17,2777,48689,57,40,1,4,Quarterly,Fiber,Yes,North,0
CUST_1410,54,39,3805,150060,112,12,5,28,Yearly,Fiber,No,South,1
CUST_1411,20,9,3775,35859,5,35,0,21,Quarterly,No,No,West,1
CUST_1412,68,6,4829,29106,26,21,5,16,Quarterly,Fiber,No,South,1
CUST_1413,50,23,1435,34357,30,50,2,22,Monthly,DSL,No,West,1
CUST_1414,45,59,4300,255347,54,43,6,21,Monthly,DSL,No,West,1
CUST_1415,64,46,674,32757,13,17,1,3,Quarterly,No,Yes,West,0
CUST_1416,25,38,506,20189,83,32,6,16,Monthly,Fiber,No,North,1
CUST_1417,51,14,1619,22920,29,41,3,8,Quarterly,DSL,No,East,0
CUST_1418,52,62,1441,90888,3,6,4,19,Yearly,No,No,East,1
CUST_1419,49,35,4927,173449,90,88,4,1,Yearly,DSL,Yes,North,0
CUST_1420,41,19,2990,58179,104,27,5,23,Yearly,Fiber,Yes,South,0
CUST_1421,31,30,3555,107154,58,20,5,17,Yearly,No,No,North,1
CUST_1422,49,25,389,10668,76,25,3,20,Quarterly,DSL,Yes,South,0
CUST_1423,63,40,4408,178202,2,66,1,26,Yearly,No,No,West,1
CUST_1424,60,14,3320,48144,75,9,6,21,Yearly,DSL,Yes,North,0
CUST_1425,33,26,2157,57366,108,92,7,10,Yearly,DSL,Yes,East,0
CUST_1426,21,22,1104,25134,28,53,6,12,Yearly,Fiber,No,South,0
CUST_1427,69,48,1244,61537,82,61,0,7,Quarterly,Fiber,Yes,North,0
CUST_1428,54,51,3089,158779,77,38,2,26,Yearly,DSL,No,North,0
CUST_1429,38,3,4175,12895,101,3,4,0,Monthly,No,No,South,0
CUST_1430,31,42,1910,81089,86,84,2,16,Monthly,No,No,West,0
CUST_1431,48,19,3223,63052,76,70,0,11,Monthly,Fiber,Yes,West,0
CUST_1432,65,28,4182,118706,2,97,5,3,Monthly,DSL,Yes,West,1
CUST_1433,35,45,3521,158716,101,55,6,20,Monthly,Fiber,No,West,0
CUST_1434,24,71,4691,333434,7,1,4,12,Monthly,DSL,No,South,1
CUST_1435,27,63,2687,169639,26,70,2,28,Quarterly,DSL,Yes,East,0
CUST_1436,24,19,1241,24837,90,45,7,8,Monthly,Fiber,No,North,1
CUST_1437,50,47,2866,136508,88,98,5,26,Yearly,No,Yes,North,1
CUST_1438,40,14,1275,19695,76,47,0,29,Monthly,Fiber,Yes,West,1
CUST_1439,38,38,1254,49523,16,79,7,6,Quarterly,DSL,Yes,South,0
CUST_1440,36,53,1562,83307,23,26,2,22,Monthly,Fiber,No,East,1
CUST_1441,65,61,1243,77367,40,14,7,23,Yearly,No,No,East,0
CUST_1442,36,36,2502,91381,60,54,6,4,Yearly,No,Yes,North,0
CUST_1443,53,40,3627,145543,73,71,1,4,Quarterly,DSL,No,West,0
CUST_1444,46,30,4574,138950,32,46,7,16,Quarterly,Fiber,No,North,1
CUST_1445,35,9,2559,23508,15,31,5,29,Quarterly,No,Yes,North,1
CUST_1446,19,64,2128,137838,101,88,0,8,Quarterly,Fiber,Yes,East,0
CUST_1447,18,33,1557,52060,13,59,2,5,Monthly,No,No,South,0
CUST_1448,64,52,764,40718,5,95,6,24,Monthly,DSL,Yes,East,1
CUST_1449,22,14,3594,51137,75,29,1,18,Yearly,DSL,No,North,1
CUST_1450,37,53,1530,82409,74,96,1,15,Quarterly,Fiber,Yes,West,0
CUST_1451,28,59,2954,175266,52,17,0,20,Quarterly,DSL,Yes,West,0
CUST_1452,59,41,1184,49765,77,14,3,1,Monthly,No,No,South,0
CUST_1453,19,68,4105,279844,41,36,6,9,Quarterly,DSL,No,South,0
CUST_1454,20,68,4156,282729,53,58,6,15,Yearly,No,No,South,0
CUST_1455,40,8,3435,29053,110,24,4,4,Yearly,No,No,North,0
CUST_1456,29,2,1224,3743,50,63,0,14,Quarterly,DSL,No,North,0
CUST_1457,37,41,4889,200931,15,91,1,12,Yearly,No,Yes,South,1
CUST_1458,22,55,1846,101763,106,25,1,12,Yearly,No,Yes,West,0
CUST_1459,54,16,1394,23853,7,59,7,12,Monthly,Fiber,No,West,0
CUST_1460,55,62,2711,169230,40,32,0,14,Yearly,Fiber,Yes,West,0
CUST_1461,47,48,2917,140618,28,82,3,13,Quarterly,Fiber,No,North,0
CUST_1462,26,30,1062,33168,32,18,4,7,Quarterly,DSL,Yes,East,0
CUST_1463,51,12,2623,32684,99,37,2,10,Yearly,Fiber,Yes,West,0
CUST_1464,61,35,4445,157265,15,26,0,17,Quarterly,No,No,West,1
CUST_1465,52,11,3075,35711,112,9,4,23,Monthly,DSL,No,West,1
CUST_1466,69,64,4959,317619,100,99,6,3,Yearly,DSL,No,South,0
CUST_1467,39,50,3455,174736,85,64,4,25,Yearly,DSL,Yes,North,0
CUST_1468,61,21,4270,91472,70,72,7,9,Yearly,DSL,No,South,0
CUST_1469,41,69,2340,162995,65,20,5,0,Quarterly,No,No,South,0
CUST_1470,34,48,883,42707,4,54,1,28,Quarterly,No,No,East,0
CUST_1471,27,20,4631,92939,11,86,7,4,Yearly,Fiber,No,South,1
CUST_1472,47,67,2403,161279,108,83,2,12,Quarterly,DSL,No,East,0
CUST_1473,63,44,2242,100402,26,30,0,0,Quarterly,Fiber,No,South,0
CUST_1474,40,33,4755,157447,61,53,7,22,Yearly,No,Yes,West,1
CUST_1475,49,61,409,25313,37,92,1,7,Yearly,DSL,Yes,North,0
CUST_1476,34,9,491,5472,23,99,5,2,Quarterly,No,Yes,South,1
CUST_1477,67,68,1203,82332,93,63,7,2,Yearly,Fiber,Yes,East,0
CUST_1478,68,35,1161,42420,85,11,5,6,Yearly,No,No,North,1
CUST_1479,34,65,1383,90410,112,31,7,3,Yearly,DSL,No,East,1
CUST_1480,31,8,949,9168,109,49,1,2,Yearly,DSL,Yes,West,0
CUST_1481,26,45,4434,200356,109,94,3,14,Quarterly,Fiber,Yes,South,0
CUST_1482,57,47,3911,184113,113,87,4,7,Yearly,DSL,Yes,North,0
CUST_1483,19,40,936,39117,91,19,0,2,Monthly,No,No,West,0
CUST_1484,62,54,1336,73320,103,12,0,28,Yearly,No,No,South,1
CUST_1485,42,46,4431,204405,40,15,0,29,Monthly,No,No,South,1
CUST_1486,56,47,2448,116622,77,31,1,6,Yearly,No,Yes,East,0
CUST_1487,26,15,4165,63928,23,43,6,17,Monthly,Fiber,Yes,East,1
CUST_1488,39,19,3457,67057,16,37,3,10,Monthly,No,Yes,West,0
CUST_1489,60,26,3887,102992,94,79,2,10,Yearly,Fiber,Yes,East,0
CUST_1490,63,52,3594,187877,61,29,5,16,Yearly,No,Yes,West,0
CUST_1491,21,22,4561,102248,68,26,1,27,Yearly,Fiber,No,West,1
CUST_1492,43,21,2730,58354,104,2,6,5,Monthly,No,No,West,0
CUST_1493,46,51,2179,111351,80,84,2,7,Quarterly,No,No,East,0
CUST_1494,62,38,4266,163618,31,15,5,0,Quarterly,Fiber,No,North,0
CUST_1495,51,20,4013,81722,53,4,5,28,Yearly,DSL,No,West,1
CUST_1496,40,29,4426,129231,106,86,3,9,Quarterly,DSL,Yes,North,0
CUST_1497,54,51,4406,225153,25,50,4,27,Quarterly,DSL,No,South,0
CUST_1498,28,4,2311,9372,44,38,0,24,Yearly,Fiber,Yes,East,1
CUST_1499,23,55,3673,203089,12,23,7,18,Monthly,DSL,No,East,1
CUST_1500,35,71,2443,173587,90,59,2,2,Yearly,DSL,Yes,North,0
